original,name,name2,name3
Acmena_smithii,acmena smithii,acmena_smithii,acmena_smithii
Agonis_flexuosa,agonis flexuosa,agonis_flexuosa,agonis_flexuosa
Allosyncarpia_ternata_CANB_760015,allosyncarpia ternata,allosyncarpia_ternata,allosyncarpia_ternata
Amomyrtus_luma,amomyrtus luma,amomyrtus_luma,amomyrtus_luma
Angophora_bakeri_subsp_bakeri_LAN103,angophora bakeri subsp. bakeri,angophora_bakeri_subsp._bakeri,angophora_bakeri_subsp_bakeri
Angophora_costata_subsp_costata_LAN043,angophora costata subsp. costata,angophora_costata_subsp._costata,angophora_costata_subsp_costata
Angophora_exul_573034,angophora exul,angophora_exul,angophora_exul
Angophora_floribunda_LAN107,angophora floribunda,angophora_floribunda,angophora_floribunda
Angophora_hispida_LAN009,angophora hispida,angophora_hispida,angophora_hispida
Angophora_inopina_LAN025,angophora inopina,angophora_inopina,angophora_inopina
Angophora_melanoxylon_509,angophora melanoxylon,angophora_melanoxylon,angophora_melanoxylon
Angophora_robur_LAN056,angophora robur,angophora_robur,angophora_robur
Angophora_subvelutina_LAN059,angophora subvelutina,angophora_subvelutina,angophora_subvelutina
Angophora_woodsiana_LAN058,angophora woodsiana,angophora_woodsiana,angophora_woodsiana
Arillastrum_gummiferum,arillastrum gummiferum,arillastrum_gummiferum,arillastrum_gummiferum
Cloezia_floribunda,cloezia floribunda,cloezia_floribunda,cloezia_floribunda
Corymbia_abbreviata_CANB_459002,corymbia abbreviata,corymbia_abbreviata,corymbia_abbreviata
Corymbia_abergiana_633,corymbia abergiana,corymbia_abergiana,corymbia_abergiana
Corymbia_aparrerinja_MC_10615,corymbia aparrerinja,corymbia_aparrerinja,corymbia_aparrerinja
Corymbia_arafurica_CANB_557707,corymbia arafurica,corymbia_arafurica,corymbia_arafurica
Corymbia_arenaria_MC_10558,corymbia arenaria,corymbia_arenaria,corymbia_arenaria
Corymbia_aspera_CANB_785505,corymbia aspera,corymbia_aspera,corymbia_aspera
Corymbia_aureola_CANB_582839,corymbia aureola,corymbia_aureola,corymbia_aureola
Corymbia_bella_MC_10518,corymbia bella,corymbia_bella,corymbia_bella
Corymbia_blakei_CANB_582767,corymbia blakei,corymbia_blakei,corymbia_blakei
Corymbia_bleeseri_MC_10516,corymbia bleeseri,corymbia_bleeseri,corymbia_bleeseri
Corymbia_bloxsomei_238,corymbia bloxsomei,corymbia_bloxsomei,corymbia_bloxsomei
Corymbia_brachycarpa_Mt_Annan_891988,corymbia brachycarpa,corymbia_brachycarpa,corymbia_brachycarpa
Corymbia_bunites_229,corymbia bunites,corymbia_bunites,corymbia_bunites
Corymbia_cadophora_subsp_cadophora_MC_10577,corymbia cadophora subsp. cadophora,corymbia_cadophora_subsp._cadophora,corymbia_cadophora_subsp_cadophora
Corymbia_calophylla_377,corymbia calophylla,corymbia_calophylla,corymbia_calophylla
Corymbia_candida_subsp_dispodes_454,corymbia candida subsp. dispodes,corymbia_candida_subsp._dispodes,corymbia_candida_subsp_dispodes
Corymbia_catenaria_240,corymbia catenaria,corymbia_catenaria,corymbia_catenaria
Corymbia_chippendalei_CANB_513580,corymbia chippendalei,corymbia_chippendalei,corymbia_chippendalei
Corymbia_citriodora_231,corymbia citriodora,corymbia_citriodora,corymbia_citriodora
Corymbia_clarksoniana_ANBG_643951,corymbia clarksoniana,corymbia_clarksoniana,corymbia_clarksoniana
Corymbia_collina_MC_10588,corymbia collina,corymbia_collina,corymbia_collina
Corymbia_confertiflora_CANB_785485,corymbia confertiflora,corymbia_confertiflora,corymbia_confertiflora
Corymbia_dallachiana_CANB_697829,corymbia dallachiana,corymbia_dallachiana,corymbia_dallachiana
Corymbia_dampieri,corymbia dampieri,corymbia_dampieri,corymbia_dampieri
Corymbia_dendromerinx_CANB_644448,corymbia dendromerinx,corymbia_dendromerinx,corymbia_dendromerinx
Corymbia_deserticola_subsp_deserticola_MC_11111,corymbia deserticola subsp. deserticola,corymbia_deserticola_subsp._deserticola,corymbia_deserticola_subsp_deserticola
Corymbia_dichromophloia_MC_10528,corymbia dichromophloia,corymbia_dichromophloia,corymbia_dichromophloia
Corymbia_dimorpha,corymbia dimorpha,corymbia_dimorpha,corymbia_dimorpha
Corymbia_dolichocarpa,corymbia dolichocarpa,corymbia_dolichocarpa,corymbia_dolichocarpa
Corymbia_dunlopiana_CANB_640209,corymbia dunlopiana,corymbia_dunlopiana,corymbia_dunlopiana
Corymbia_ellipsoidea_Mt_Annan_904974,corymbia ellipsoidea,corymbia_ellipsoidea,corymbia_ellipsoidea
Corymbia_eremaea_subsp_eremaea_280,corymbia eremaea subsp. eremaea,corymbia_eremaea_subsp._eremaea,corymbia_eremaea_subsp_eremaea
Corymbia_erythrophloia_Mt_Annan_891984,corymbia erythrophloia,corymbia_erythrophloia,corymbia_erythrophloia
Corymbia_eximia_ANBG_62889,corymbia eximia,corymbia_eximia,corymbia_eximia
Corymbia_ferriticola_MC_11117,corymbia ferriticola,corymbia_ferriticola,corymbia_ferriticola
Corymbia_ferruginea_subsp_ferruginea_MC_10538,corymbia ferruginea subsp. ferruginea,corymbia_ferruginea_subsp._ferruginea,corymbia_ferruginea_subsp_ferruginea
Corymbia_ficifolia_ANBG_c208,corymbia ficifolia,corymbia_ficifolia,corymbia_ficifolia
Corymbia_flavescens_MC_10596,corymbia flavescens,corymbia_flavescens,corymbia_flavescens
Corymbia_foelscheana_MC_10508,corymbia foelscheana,corymbia_foelscheana,corymbia_foelscheana
Corymbia_gilbertensis_CANB_739029,corymbia gilbertensis,corymbia_gilbertensis,corymbia_gilbertensis
Corymbia_grandifolia_CANB_739034,corymbia grandifolia,corymbia_grandifolia,corymbia_grandifolia
Corymbia_greeniana_MC_10557,corymbia greeniana,corymbia_greeniana,corymbia_greeniana
Corymbia_gummifera_680,corymbia gummifera,corymbia_gummifera,corymbia_gummifera
Corymbia_haematoxylon_380,corymbia haematoxylon,corymbia_haematoxylon,corymbia_haematoxylon
Corymbia_hamersleyana_MC_11116,corymbia hamersleyana,corymbia_hamersleyana,corymbia_hamersleyana
Corymbia_hendersonii_252,corymbia hendersonii,corymbia_hendersonii,corymbia_hendersonii
Corymbia_henryi_ANBG_8910948,corymbia henryi,corymbia_henryi,corymbia_henryi
Corymbia_hylandii_CANB_738922,corymbia hylandii,corymbia_hylandii,corymbia_hylandii
Corymbia_intermedia_230,corymbia intermedia,corymbia_intermedia,corymbia_intermedia
Corymbia_jacobsiana_CANB_558528,corymbia jacobsiana,corymbia_jacobsiana,corymbia_jacobsiana
Corymbia_lamprophylla_Mt_Annan_842093,corymbia lamprophylla,corymbia_lamprophylla,corymbia_lamprophylla
Corymbia_latifolia_CANB_785515,corymbia latifolia,corymbia_latifolia,corymbia_latifolia
Corymbia_leichhardtii_Mt_Annan_891967,corymbia leichhardtii,corymbia_leichhardtii,corymbia_leichhardtii
Corymbia_lenziana_CANB_794064,corymbia lenziana,corymbia_lenziana,corymbia_lenziana
Corymbia_leptoloma_694,corymbia leptoloma,corymbia_leptoloma,corymbia_leptoloma
Corymbia_ligans_subsp_ligans,corymbia ligans subsp. ligans,corymbia_ligans_subsp._ligans,corymbia_ligans_subsp_ligans
Corymbia_maculata_ANBG_7800470,corymbia maculata,corymbia_maculata,corymbia_maculata
Corymbia_nesophila_MC_10553,corymbia nesophila,corymbia_nesophila,corymbia_nesophila
Corymbia_novaguineesis_CANB_738912,corymbia novaguineesis,corymbia_novaguineesis,corymbia_novaguineesis
Corymbia_opaca,corymbia opaca,corymbia_opaca,corymbia_opaca
Corymbia_opacula,corymbia opacula,corymbia_opacula,corymbia_opacula
Corymbia_pachycarpa_CANB_785564,corymbia pachycarpa,corymbia_pachycarpa,corymbia_pachycarpa
Corymbia_papillosa_CANB_564789,corymbia papillosa,corymbia_papillosa,corymbia_papillosa
Corymbia_papuana_CANB_583122,corymbia papuana,corymbia_papuana,corymbia_papuana
Corymbia_pauciseta_CANB_448845,corymbia pauciseta,corymbia_pauciseta,corymbia_pauciseta
Corymbia_peltata_493,corymbia peltata,corymbia_peltata,corymbia_peltata
Corymbia_petalophylla_Mt_Annan_892019,corymbia petalophylla,corymbia_petalophylla,corymbia_petalophylla
Corymbia_plena_CANB_660150,corymbia plena,corymbia_plena,corymbia_plena
Corymbia_polycarpa_CANB_785478,corymbia polycarpa,corymbia_polycarpa,corymbia_polycarpa
Corymbia_polysciada_CANB_785479,corymbia polysciada,corymbia_polysciada,corymbia_polysciada
Corymbia_porphyritica,corymbia porphyritica,corymbia_porphyritica,corymbia_porphyritica
Corymbia_porrecta_CANB_628340,corymbia porrecta,corymbia_porrecta,corymbia_porrecta
Corymbia_ptychocarpa_subsp_ptychocarpa_MC_10536,corymbia ptychocarpa subsp. ptychocarpa,corymbia_ptychocarpa_subsp._ptychocarpa,corymbia_ptychocarpa_subsp_ptychocarpa
Corymbia_rhodops_CANB_598277,corymbia rhodops,corymbia_rhodops,corymbia_rhodops
Corymbia_scabrida_Mt_Annan_891868,corymbia scabrida,corymbia_scabrida,corymbia_scabrida
Corymbia_stockeri_subsp_stockeri_CANB_739042,corymbia stockeri subsp. stockeri,corymbia_stockeri_subsp._stockeri,corymbia_stockeri_subsp_stockeri
Corymbia_terminalis_MC_10579,corymbia terminalis,corymbia_terminalis,corymbia_terminalis
Corymbia_tessellaris_324,corymbia tessellaris,corymbia_tessellaris,corymbia_tessellaris
Corymbia_torelliana_Mt_Annan_981102,corymbia torelliana,corymbia_torelliana,corymbia_torelliana
Corymbia_torta_CANB_644409,corymbia torta,corymbia_torta,corymbia_torta
Corymbia_trachyphloia_ANBG_60750,corymbia trachyphloia,corymbia_trachyphloia,corymbia_trachyphloia
Corymbia_variegata,corymbia variegata,corymbia_variegata,corymbia_variegata
Corymbia_watsoniana_subsp_watsoniana_ANBG_68771,corymbia watsoniana subsp. watsoniana,corymbia_watsoniana_subsp._watsoniana,corymbia_watsoniana_subsp_watsoniana
Corymbia_xanthope,corymbia xanthope,corymbia_xanthope,corymbia_xanthope
Corymbia_zygophylla_MC_10581,corymbia zygophylla,corymbia_zygophylla,corymbia_zygophylla
Decaspermum_humile,decaspermum humile,decaspermum_humile,decaspermum_humile
Eucalyptopsis_alauda_CANB_704249,eucalyptopsis alauda,eucalyptopsis_alauda,eucalyptopsis_alauda
Eucalyptopsis_papuana,eucalyptopsis papuana,eucalyptopsis_papuana,eucalyptopsis_papuana
Eucalyptus_abdita_CANB_687864,eucalyptus abdita,eucalyptus_abdita,eucalyptus_abdita
Eucalyptus_absita_354,eucalyptus absita,eucalyptus_absita,eucalyptus_absita
Eucalyptus_acaciiformis_214,eucalyptus acaciiformis,eucalyptus_acaciiformis,eucalyptus_acaciiformis
Eucalyptus_accedens_346,eucalyptus accedens,eucalyptus_accedens,eucalyptus_accedens
Eucalyptus_acies_CANB_610687,eucalyptus acies,eucalyptus_acies,eucalyptus_acies
Eucalyptus_acmenoides_624,eucalyptus acmenoides,eucalyptus_acmenoides,eucalyptus_acmenoides
Eucalyptus_acroleuca_CANB_593424,eucalyptus acroleuca,eucalyptus_acroleuca,eucalyptus_acroleuca
Eucalyptus_aequioperta_23,eucalyptus aequioperta,eucalyptus_aequioperta,eucalyptus_aequioperta
Eucalyptus_agglomerata_673,eucalyptus agglomerata,eucalyptus_agglomerata,eucalyptus_agglomerata
Eucalyptus_aggregata_580,eucalyptus aggregata,eucalyptus_aggregata,eucalyptus_aggregata
Eucalyptus_alaticaulis_371,eucalyptus alaticaulis,eucalyptus_alaticaulis,eucalyptus_alaticaulis
Eucalyptus_alba,eucalyptus alba,eucalyptus_alba,eucalyptus_alba
Eucalyptus_albens_661,eucalyptus albens,eucalyptus_albens,eucalyptus_albens
Eucalyptus_albida_46,eucalyptus albida,eucalyptus_albida,eucalyptus_albida
Eucalyptus_albopurpurea_3,eucalyptus albopurpurea,eucalyptus_albopurpurea,eucalyptus_albopurpurea
Eucalyptus_alipes_53,eucalyptus alipes,eucalyptus_alipes,eucalyptus_alipes
Eucalyptus_alligatrix_subsp_alligatrix_167,eucalyptus alligatrix subsp. alligatrix,eucalyptus_alligatrix_subsp._alligatrix,eucalyptus_alligatrix_subsp_alligatrix
Eucalyptus_amplifolia_subsp_amplifolia_225,eucalyptus amplifolia subsp. amplifolia,eucalyptus_amplifolia_subsp._amplifolia,eucalyptus_amplifolia_subsp_amplifolia
Eucalyptus_amygdalina_CANB_481986,eucalyptus amygdalina,eucalyptus_amygdalina,eucalyptus_amygdalina
Eucalyptus_ancophila_Mt_Annan_841467,eucalyptus ancophila,eucalyptus_ancophila,eucalyptus_ancophila
Eucalyptus_andrewsii_subsp_andrewsii_8410679,eucalyptus andrewsii subsp. andrewsii,eucalyptus_andrewsii_subsp._andrewsii,eucalyptus_andrewsii_subsp_andrewsii
Eucalyptus_angophoroides_158,eucalyptus angophoroides,eucalyptus_angophoroides,eucalyptus_angophoroides
Eucalyptus_angulosa_383,eucalyptus angulosa,eucalyptus_angulosa,eucalyptus_angulosa
Eucalyptus_angustissima_CANB_794337,eucalyptus angustissima,eucalyptus_angustissima,eucalyptus_angustissima
Eucalyptus_annulata_CANB_794263,eucalyptus annulata,eucalyptus_annulata,eucalyptus_annulata
Eucalyptus_apiculata_613,eucalyptus apiculata,eucalyptus_apiculata,eucalyptus_apiculata
Eucalyptus_apodophylla_subsp_provecta_CANB_7855329,eucalyptus apodophylla subsp. provecta,eucalyptus_apodophylla_subsp._provecta,eucalyptus_apodophylla_subsp_provecta
Eucalyptus_apothalassica_721925,eucalyptus apothalassica,eucalyptus_apothalassica,eucalyptus_apothalassica
Eucalyptus_approximans_subsp_codonocarpa_69702,eucalyptus approximans subsp. codonocarpa,eucalyptus_approximans_subsp._codonocarpa,eucalyptus_approximans_subsp_codonocarpa
Eucalyptus_aquilina_CANB_459757,eucalyptus aquilina,eucalyptus_aquilina,eucalyptus_aquilina
Eucalyptus_arachnae_518,eucalyptus arachnae,eucalyptus_arachnae,eucalyptus_arachnae
Eucalyptus_arborella_361,eucalyptus arborella,eucalyptus_arborella,eucalyptus_arborella
Eucalyptus_arenacea_MC_10652,eucalyptus arenacea,eucalyptus_arenacea,eucalyptus_arenacea
Eucalyptus_argillacea_CANB_785537,eucalyptus argillacea,eucalyptus_argillacea,eucalyptus_argillacea
Eucalyptus_argophloia_773,eucalyptus argophloia,eucalyptus_argophloia,eucalyptus_argophloia
Eucalyptus_argutifolia_AHT_E17,eucalyptus argutifolia,eucalyptus_argutifolia,eucalyptus_argutifolia
Eucalyptus_argyphea_59,eucalyptus argyphea,eucalyptus_argyphea,eucalyptus_argyphea
Eucalyptus_aromaphloia_subsp_aromaphloia_CANB_564611,eucalyptus aromaphloia subsp. aromaphloia,eucalyptus_aromaphloia_subsp._aromaphloia,eucalyptus_aromaphloia_subsp_aromaphloia
Eucalyptus_articulata_186,eucalyptus articulata,eucalyptus_articulata,eucalyptus_articulata
Eucalyptus_aspersa_297,eucalyptus aspersa,eucalyptus_aspersa,eucalyptus_aspersa
Eucalyptus_aspratilis_AHT_E18,eucalyptus aspratilis,eucalyptus_aspratilis,eucalyptus_aspratilis
Eucalyptus_assimilans_269,eucalyptus assimilans,eucalyptus_assimilans,eucalyptus_assimilans
Eucalyptus_astringens_subsp_astringens_68,eucalyptus astringens subsp. astringens,eucalyptus_astringens_subsp._astringens,eucalyptus_astringens_subsp_astringens
Eucalyptus_atrata_8603434,eucalyptus atrata,eucalyptus_atrata,eucalyptus_atrata
Eucalyptus_badjensis_166,eucalyptus badjensis,eucalyptus_badjensis,eucalyptus_badjensis
Eucalyptus_baeuerlenii_7810671,eucalyptus baeuerlenii,eucalyptus_baeuerlenii,eucalyptus_baeuerlenii
Eucalyptus_baileyana_Mt_Annan_892003,eucalyptus baileyana,eucalyptus_baileyana,eucalyptus_baileyana
Eucalyptus_bakeri_567,eucalyptus bakeri,eucalyptus_bakeri,eucalyptus_bakeri
Eucalyptus_balanites_CANB_687715,eucalyptus balanites,eucalyptus_balanites,eucalyptus_balanites
Eucalyptus_balanopelex_AHT_E22,eucalyptus balanopelex,eucalyptus_balanopelex,eucalyptus_balanopelex
Eucalyptus_balladoniensis_subsp_balladoniensis_CANB_586833,eucalyptus balladoniensis subsp. balladoniensis,eucalyptus_balladoniensis_subsp._balladoniensis,eucalyptus_balladoniensis_subsp_balladoniensis
Eucalyptus_barberi_600,eucalyptus barberi,eucalyptus_barberi,eucalyptus_barberi
Eucalyptus_baueriana_160,eucalyptus baueriana,eucalyptus_baueriana,eucalyptus_baueriana
Eucalyptus_baxteri_8701806,eucalyptus baxteri,eucalyptus_baxteri,eucalyptus_baxteri
Eucalyptus_beaniana_CANB_842071,eucalyptus beaniana,eucalyptus_beaniana,eucalyptus_beaniana
Eucalyptus_beardiana_CANB_632554,eucalyptus beardiana,eucalyptus_beardiana,eucalyptus_beardiana
Eucalyptus_behriana_646,eucalyptus behriana,eucalyptus_behriana,eucalyptus_behriana
Eucalyptus_bensonii_Mt_Annan_830911,eucalyptus bensonii,eucalyptus_bensonii,eucalyptus_bensonii
Eucalyptus_benthamii_423,eucalyptus benthamii,eucalyptus_benthamii,eucalyptus_benthamii
Eucalyptus_beyeriana_163,eucalyptus beyeriana,eucalyptus_beyeriana,eucalyptus_beyeriana
Eucalyptus_blakelyi_211,eucalyptus blakelyi,eucalyptus_blakelyi,eucalyptus_blakelyi
Eucalyptus_blaxellii_MC_11172,eucalyptus blaxellii,eucalyptus_blaxellii,eucalyptus_blaxellii
Eucalyptus_blaxlandii_8001329,eucalyptus blaxlandii,eucalyptus_blaxlandii,eucalyptus_blaxlandii
Eucalyptus_boliviana_518876,eucalyptus boliviana,eucalyptus_boliviana,eucalyptus_boliviana
Eucalyptus_bosistoana_671,eucalyptus bosistoana,eucalyptus_bosistoana,eucalyptus_bosistoana
Eucalyptus_botryoides_304,eucalyptus botryoides,eucalyptus_botryoides,eucalyptus_botryoides
Eucalyptus_brachyandra_MC_10534,eucalyptus brachyandra,eucalyptus_brachyandra,eucalyptus_brachyandra
Eucalyptus_brachycalyx_508,eucalyptus brachycalyx,eucalyptus_brachycalyx,eucalyptus_brachycalyx
Eucalyptus_brachycorys_266,eucalyptus brachycorys,eucalyptus_brachycorys,eucalyptus_brachycorys
Eucalyptus_brachyphylla_9807043,eucalyptus brachyphylla,eucalyptus_brachyphylla,eucalyptus_brachyphylla
Eucalyptus_brassiana_CANB_598285,eucalyptus brassiana,eucalyptus_brassiana,eucalyptus_brassiana
Eucalyptus_brevifolia_CANB_785488,eucalyptus brevifolia,eucalyptus_brevifolia,eucalyptus_brevifolia
Eucalyptus_brevipes_CANB_692658,eucalyptus brevipes,eucalyptus_brevipes,eucalyptus_brevipes
Eucalyptus_brevistylis_393,eucalyptus brevistylis,eucalyptus_brevistylis,eucalyptus_brevistylis
Eucalyptus_bridgesiana_257,eucalyptus bridgesiana,eucalyptus_bridgesiana,eucalyptus_bridgesiana
Eucalyptus_brockwayi_474,eucalyptus brockwayi,eucalyptus_brockwayi,eucalyptus_brockwayi
Eucalyptus_brookeriana_subsp_brookeriana_617,eucalyptus brookeriana subsp. brookeriana,eucalyptus_brookeriana_subsp._brookeriana,eucalyptus_brookeriana_subsp_brookeriana
Eucalyptus_brunnea_619,eucalyptus brunnea,eucalyptus_brunnea,eucalyptus_brunnea
Eucalyptus_buprestium_CANB_632568,eucalyptus buprestium,eucalyptus_buprestium,eucalyptus_buprestium
Eucalyptus_burdettiana_510,eucalyptus burdettiana,eucalyptus_burdettiana,eucalyptus_burdettiana
Eucalyptus_burgessiana_ANBG_no_sn,eucalyptus burgessiana,eucalyptus_burgessiana,eucalyptus_burgessiana
Eucalyptus_burracoppinensis_CANB_794037,eucalyptus burracoppinensis,eucalyptus_burracoppinensis,eucalyptus_burracoppinensis
Eucalyptus_cadens_285,eucalyptus cadens,eucalyptus_cadens,eucalyptus_cadens
Eucalyptus_caesia_subsp_caesia_52,eucalyptus caesia subsp. caesia,eucalyptus_caesia_subsp._caesia,eucalyptus_caesia_subsp_caesia
Eucalyptus_calcareana_455,eucalyptus calcareana,eucalyptus_calcareana,eucalyptus_calcareana
Eucalyptus_calcicola_subsp_calcicola_176,eucalyptus calcicola subsp. calcicola,eucalyptus_calcicola_subsp._calcicola,eucalyptus_calcicola_subsp_calcicola
Eucalyptus_caleyi_subsp_caleyi_651,eucalyptus caleyi subsp. caleyi,eucalyptus_caleyi_subsp._caleyi,eucalyptus_caleyi_subsp_caleyi
Eucalyptus_caliginosa_298,eucalyptus caliginosa,eucalyptus_caliginosa,eucalyptus_caliginosa
Eucalyptus_calycogona_subsp_calycogona_362,eucalyptus calycogona subsp. calycogona,eucalyptus_calycogona_subsp._calycogona,eucalyptus_calycogona_subsp_calycogona
Eucalyptus_camaldulensis_subsp_camaldulensis_ANBG_8401853,eucalyptus camaldulensis subsp. camaldulensis,eucalyptus_camaldulensis_subsp._camaldulensis,eucalyptus_camaldulensis_subsp_camaldulensis
Eucalyptus_campaspe_522,eucalyptus campaspe,eucalyptus_campaspe,eucalyptus_campaspe
Eucalyptus_camphora_subsp_camphora_621,eucalyptus camphora subsp. camphora,eucalyptus_camphora_subsp._camphora,eucalyptus_camphora_subsp_camphora
Eucalyptus_canaliculata_698,eucalyptus canaliculata,eucalyptus_canaliculata,eucalyptus_canaliculata
Eucalyptus_canescens_subsp_canescens_181,eucalyptus canescens subsp. canescens,eucalyptus_canescens_subsp._canescens,eucalyptus_canescens_subsp_canescens
Eucalyptus_canobolensis_497,eucalyptus canobolensis,eucalyptus_canobolensis,eucalyptus_canobolensis
Eucalyptus_capillosa_469,eucalyptus capillosa,eucalyptus_capillosa,eucalyptus_capillosa
Eucalyptus_capitellata_260,eucalyptus capitellata,eucalyptus_capitellata,eucalyptus_capitellata
Eucalyptus_captiosa_CANB_799340,eucalyptus captiosa,eucalyptus_captiosa,eucalyptus_captiosa
Eucalyptus_carnabyi_CANB_632591,eucalyptus carnabyi,eucalyptus_carnabyi,eucalyptus_carnabyi
Eucalyptus_carnea_718,eucalyptus carnea,eucalyptus_carnea,eucalyptus_carnea
Eucalyptus_carnei_757,eucalyptus carnei,eucalyptus_carnei,eucalyptus_carnei
Eucalyptus_castrensis_ANBG_653995,eucalyptus castrensis,eucalyptus_castrensis,eucalyptus_castrensis
Eucalyptus_celastroides_subsp_celastroides_196,eucalyptus celastroides subsp. celastroides,eucalyptus_celastroides_subsp._celastroides,eucalyptus_celastroides_subsp_celastroides
Eucalyptus_cephalocarpa_178,eucalyptus cephalocarpa,eucalyptus_cephalocarpa,eucalyptus_cephalocarpa
Eucalyptus_ceracea_CANB_551306,eucalyptus ceracea,eucalyptus_ceracea,eucalyptus_ceracea
Eucalyptus_cerasiformis_CANB_586828,eucalyptus cerasiformis,eucalyptus_cerasiformis,eucalyptus_cerasiformis
Eucalyptus_ceratocorys_519,eucalyptus ceratocorys,eucalyptus_ceratocorys,eucalyptus_ceratocorys
Eucalyptus_cernua_436,eucalyptus cernua,eucalyptus_cernua,eucalyptus_cernua
Eucalyptus_chartaboma_CANB_703248,eucalyptus chartaboma,eucalyptus_chartaboma,eucalyptus_chartaboma
Eucalyptus_chlorophylla_CANB_785565,eucalyptus chlorophylla,eucalyptus_chlorophylla,eucalyptus_chlorophylla
Eucalyptus_cinerea_subsp_triplex_8703938,eucalyptus cinerea subsp. triplex,eucalyptus_cinerea_subsp._triplex,eucalyptus_cinerea_subsp_triplex
Eucalyptus_cladocalyx_ANBG_652722,eucalyptus cladocalyx,eucalyptus_cladocalyx,eucalyptus_cladocalyx
Eucalyptus_clelandii_581,eucalyptus clelandii,eucalyptus_clelandii,eucalyptus_clelandii
Eucalyptus_clivicola_66,eucalyptus clivicola,eucalyptus_clivicola,eucalyptus_clivicola
Eucalyptus_cloeziana_241,eucalyptus cloeziana,eucalyptus_cloeziana,eucalyptus_cloeziana
Eucalyptus_cneorifolia_195,eucalyptus cneorifolia,eucalyptus_cneorifolia,eucalyptus_cneorifolia
Eucalyptus_comitae_vallis_465,eucalyptus comitae,eucalyptus_comitae,eucalyptus_comitae
Eucalyptus_communalis_502,eucalyptus communalis,eucalyptus_communalis,eucalyptus_communalis
Eucalyptus_concinna_457,eucalyptus concinna,eucalyptus_concinna,eucalyptus_concinna
Eucalyptus_conferruminata_subsp_recherche_114,eucalyptus conferruminata subsp. recherche,eucalyptus_conferruminata_subsp._recherche,eucalyptus_conferruminata_subsp_recherche
Eucalyptus_confluens_CANB_785543,eucalyptus confluens,eucalyptus_confluens,eucalyptus_confluens
Eucalyptus_conglobata_subsp_conglobata_5,eucalyptus conglobata subsp. conglobata,eucalyptus_conglobata_subsp._conglobata,eucalyptus_conglobata_subsp_conglobata
Eucalyptus_conglomerata,eucalyptus conglomerata,eucalyptus_conglomerata,eucalyptus_conglomerata
Eucalyptus_conica_AHT_E9,eucalyptus conica,eucalyptus_conica,eucalyptus_conica
Eucalyptus_consideniana_219,eucalyptus consideniana,eucalyptus_consideniana,eucalyptus_consideniana
Eucalyptus_conspicua_113,eucalyptus conspicua,eucalyptus_conspicua,eucalyptus_conspicua
Eucalyptus_conveniens_48,eucalyptus conveniens,eucalyptus_conveniens,eucalyptus_conveniens
Eucalyptus_coolabah_MC_10582,eucalyptus coolabah,eucalyptus_coolabah,eucalyptus_coolabah
Eucalyptus_cooperiana_293,eucalyptus cooperiana,eucalyptus_cooperiana,eucalyptus_cooperiana
Eucalyptus_cordata_ANBG_8804430,eucalyptus cordata,eucalyptus_cordata,eucalyptus_cordata
Eucalyptus_cornuta_65,eucalyptus cornuta,eucalyptus_cornuta,eucalyptus_cornuta
Eucalyptus_coronata_658,eucalyptus coronata,eucalyptus_coronata,eucalyptus_coronata
Eucalyptus_corrugata_7,eucalyptus corrugata,eucalyptus_corrugata,eucalyptus_corrugata
Eucalyptus_corticosa_ANBG_54339,eucalyptus corticosa,eucalyptus_corticosa,eucalyptus_corticosa
Eucalyptus_cosmophylla_ANBG_8409259,eucalyptus cosmophylla,eucalyptus_cosmophylla,eucalyptus_cosmophylla
Eucalyptus_crebra_ANBG_732903,eucalyptus crebra,eucalyptus_crebra,eucalyptus_crebra
Eucalyptus_crenulata_307,eucalyptus crenulata,eucalyptus_crenulata,eucalyptus_crenulata
Eucalyptus_creta_29,eucalyptus creta,eucalyptus_creta,eucalyptus_creta
Eucalyptus_cretata_271,eucalyptus cretata,eucalyptus_cretata,eucalyptus_cretata
Eucalyptus_croajingolensis_156,eucalyptus croajingolensis,eucalyptus_croajingolensis,eucalyptus_croajingolensis
Eucalyptus_crucis_subsp_crucis_45,eucalyptus crucis subsp. crucis,eucalyptus_crucis_subsp._crucis,eucalyptus_crucis_subsp_crucis
Eucalyptus_cunninghamii_9806132,eucalyptus cunninghamii,eucalyptus_cunninghamii,eucalyptus_cunninghamii
Eucalyptus_cuprea_437,eucalyptus cuprea,eucalyptus_cuprea,eucalyptus_cuprea
Eucalyptus_cupularis_CANB_785563,eucalyptus cupularis,eucalyptus_cupularis,eucalyptus_cupularis
Eucalyptus_curtisii_632,eucalyptus curtisii,eucalyptus_curtisii,eucalyptus_curtisii
Eucalyptus_cuspidata_6,eucalyptus cuspidata,eucalyptus_cuspidata,eucalyptus_cuspidata
Eucalyptus_cyanophylla_338,eucalyptus cyanophylla,eucalyptus_cyanophylla,eucalyptus_cyanophylla
Eucalyptus_cyclostoma_9903101,eucalyptus cyclostoma,eucalyptus_cyclostoma,eucalyptus_cyclostoma
Eucalyptus_cylindriflora_CANB_794327,eucalyptus cylindriflora,eucalyptus_cylindriflora,eucalyptus_cylindriflora
Eucalyptus_cylindrocarpa_AHT_E8,eucalyptus cylindrocarpa,eucalyptus_cylindrocarpa,eucalyptus_cylindrocarpa
Eucalyptus_cypellocarpa_665,eucalyptus cypellocarpa,eucalyptus_cypellocarpa,eucalyptus_cypellocarpa
Eucalyptus_dalrympleana_subsp_dalrympleana_ANBG_7804378,eucalyptus dalrympleana subsp. dalrympleana,eucalyptus_dalrympleana_subsp._dalrympleana,eucalyptus_dalrympleana_subsp_dalrympleana
Eucalyptus_dawsonii_762,eucalyptus dawsonii,eucalyptus_dawsonii,eucalyptus_dawsonii
Eucalyptus_dealbata_212,eucalyptus dealbata,eucalyptus_dealbata,eucalyptus_dealbata
Eucalyptus_deanei_623,eucalyptus deanei,eucalyptus_deanei,eucalyptus_deanei
Eucalyptus_decipiens_subsp_decipens_72,eucalyptus decipiens subsp. decipens,eucalyptus_decipiens_subsp._decipens,eucalyptus_decipiens_subsp_decipens
Eucalyptus_decolor_486,eucalyptus decolor,eucalyptus_decolor,eucalyptus_decolor
Eucalyptus_decorticans_73445,eucalyptus decorticans,eucalyptus_decorticans,eucalyptus_decorticans
Eucalyptus_decurva_MC_10965,eucalyptus decurva,eucalyptus_decurva,eucalyptus_decurva
Eucalyptus_deflexa_364,eucalyptus deflexa,eucalyptus_deflexa,eucalyptus_deflexa
Eucalyptus_deglupta_BG_859,eucalyptus deglupta,eucalyptus_deglupta,eucalyptus_deglupta
Eucalyptus_delegatensis_subsp_delegatensis_CANB_499445,eucalyptus delegatensis subsp. delegatensis,eucalyptus_delegatensis_subsp._delegatensis,eucalyptus_delegatensis_subsp_delegatensis
Eucalyptus_delicata_514,eucalyptus delicata,eucalyptus_delicata,eucalyptus_delicata
Eucalyptus_densa_subsp_densa_363,eucalyptus densa subsp. densa,eucalyptus_densa_subsp._densa,eucalyptus_densa_subsp_densa
Eucalyptus_denticulata_378,eucalyptus denticulata,eucalyptus_denticulata,eucalyptus_denticulata
Eucalyptus_depauperata_CANB_794299,eucalyptus depauperata,eucalyptus_depauperata,eucalyptus_depauperata
Eucalyptus_desmondensis_515,eucalyptus desmondensis,eucalyptus_desmondensis,eucalyptus_desmondensis
Eucalyptus_deuaensis_151,eucalyptus deuaensis,eucalyptus_deuaensis,eucalyptus_deuaensis
Eucalyptus_dielsii_74,eucalyptus dielsii,eucalyptus_dielsii,eucalyptus_dielsii
Eucalyptus_diminuta_438,eucalyptus diminuta,eucalyptus_diminuta,eucalyptus_diminuta
Eucalyptus_diptera_535,eucalyptus diptera,eucalyptus_diptera,eucalyptus_diptera
Eucalyptus_disclusa_232,eucalyptus disclusa,eucalyptus_disclusa,eucalyptus_disclusa
Eucalyptus_discreta_333,eucalyptus discreta,eucalyptus_discreta,eucalyptus_discreta
Eucalyptus_dissimulata_89,eucalyptus dissimulata,eucalyptus_dissimulata,eucalyptus_dissimulata
Eucalyptus_distans_CANB_409167,eucalyptus distans,eucalyptus_distans,eucalyptus_distans
Eucalyptus_distuberosa_subsp_aerata_10,eucalyptus distuberosa subsp. aerata,eucalyptus_distuberosa_subsp._aerata,eucalyptus_distuberosa_subsp_aerata
Eucalyptus_diversicolor_ANBG_7901541,eucalyptus diversicolor,eucalyptus_diversicolor,eucalyptus_diversicolor
Eucalyptus_diversifolia_subsp_diversifolia_390,eucalyptus diversifolia subsp. diversifolia,eucalyptus_diversifolia_subsp._diversifolia,eucalyptus_diversifolia_subsp_diversifolia
Eucalyptus_dives_ANBG_7809979,eucalyptus dives,eucalyptus_dives,eucalyptus_dives
Eucalyptus_dolichocera_710,eucalyptus dolichocera,eucalyptus_dolichocera,eucalyptus_dolichocera
Eucalyptus_dolichorhyncha_192,eucalyptus dolichorhyncha,eucalyptus_dolichorhyncha,eucalyptus_dolichorhyncha
Eucalyptus_dolorosa_610751,eucalyptus dolorosa,eucalyptus_dolorosa,eucalyptus_dolorosa
Eucalyptus_dorotoxylon_719,eucalyptus dorotoxylon,eucalyptus_dorotoxylon,eucalyptus_dorotoxylon
Eucalyptus_drummondii_subsp_drummondii_352,eucalyptus drummondii subsp. drummondii,eucalyptus_drummondii_subsp._drummondii,eucalyptus_drummondii_subsp_drummondii
Eucalyptus_dumosa_329,eucalyptus dumosa,eucalyptus_dumosa,eucalyptus_dumosa
Eucalyptus_dundasii_528,eucalyptus dundasii,eucalyptus_dundasii,eucalyptus_dundasii
Eucalyptus_dunnii_691,eucalyptus dunnii,eucalyptus_dunnii,eucalyptus_dunnii
Eucalyptus_dura_775,eucalyptus dura,eucalyptus_dura,eucalyptus_dura
Eucalyptus_dwyeri_9406593,eucalyptus dwyeri,eucalyptus_dwyeri,eucalyptus_dwyeri
Eucalyptus_ebbanoensis_subsp_ebbanoensis_ANBG_9806509,eucalyptus ebbanoensis subsp. ebbanoensis,eucalyptus_ebbanoensis_subsp._ebbanoensis,eucalyptus_ebbanoensis_subsp_ebbanoensis
Eucalyptus_educta_CANB_461013,eucalyptus educta,eucalyptus_educta,eucalyptus_educta
Eucalyptus_effusa_subsp_effusa_39,eucalyptus effusa subsp. effusa,eucalyptus_effusa_subsp._effusa,eucalyptus_effusa_subsp_effusa
Eucalyptus_elaeophloia_372,eucalyptus elaeophloia,eucalyptus_elaeophloia,eucalyptus_elaeophloia
Eucalyptus_elata_ANBG_73059,eucalyptus elata,eucalyptus_elata,eucalyptus_elata
Eucalyptus_elliptica_69616,eucalyptus elliptica,eucalyptus_elliptica,eucalyptus_elliptica
Eucalyptus_erectifolia_CANB_794270,eucalyptus erectifolia,eucalyptus_erectifolia,eucalyptus_erectifolia
Eucalyptus_eremicola_subsp_eremicola_542,eucalyptus eremicola subsp. eremicola,eucalyptus_eremicola_subsp._eremicola,eucalyptus_eremicola_subsp_eremicola
Eucalyptus_eremophila_CANB_794301,eucalyptus eremophila,eucalyptus_eremophila,eucalyptus_eremophila
Eucalyptus_erythrocorys,eucalyptus erythrocorys,eucalyptus_erythrocorys,eucalyptus_erythrocorys
Eucalyptus_erythronema_subsp_erythronema_19,eucalyptus erythronema subsp. erythronema,eucalyptus_erythronema_subsp._erythronema,eucalyptus_erythronema_subsp_erythronema
Eucalyptus_eudesmioides_subsp_eudesmioides_MC_10780,eucalyptus eudesmioides subsp. eudesmioides,eucalyptus_eudesmioides_subsp._eudesmioides,eucalyptus_eudesmioides_subsp_eudesmioides
Eucalyptus_eugenioides_578,eucalyptus eugenioides,eucalyptus_eugenioides,eucalyptus_eugenioides
Eucalyptus_ewartiana_463,eucalyptus ewartiana,eucalyptus_ewartiana,eucalyptus_ewartiana
Eucalyptus_exigua_55,eucalyptus exigua,eucalyptus_exigua,eucalyptus_exigua
Eucalyptus_exilipes_CANB_582959,eucalyptus exilipes,eucalyptus_exilipes,eucalyptus_exilipes
Eucalyptus_exilis_ANBG_8004906,eucalyptus exilis,eucalyptus_exilis,eucalyptus_exilis
Eucalyptus_extensa_33,eucalyptus extensa,eucalyptus_extensa,eucalyptus_extensa
Eucalyptus_extrica_CANB_632680,eucalyptus extrica,eucalyptus_extrica,eucalyptus_extrica
Eucalyptus_falcata_CANB_630597,eucalyptus falcata,eucalyptus_falcata,eucalyptus_falcata
Eucalyptus_famelica_AHT_E23,eucalyptus famelica,eucalyptus_famelica,eucalyptus_famelica
Eucalyptus_farinosa_CANB_738929,eucalyptus farinosa,eucalyptus_farinosa,eucalyptus_farinosa
Eucalyptus_fasciculosa_289,eucalyptus fasciculosa,eucalyptus_fasciculosa,eucalyptus_fasciculosa
Eucalyptus_fastigata_8603812,eucalyptus fastigata,eucalyptus_fastigata,eucalyptus_fastigata
Eucalyptus_fergusonii_subsp_fergusonii_740,eucalyptus fergusonii subsp. fergusonii,eucalyptus_fergusonii_subsp._fergusonii,eucalyptus_fergusonii_subsp_fergusonii
Eucalyptus_fibrosa_subsp_fibrosa_631932,eucalyptus fibrosa subsp. fibrosa,eucalyptus_fibrosa_subsp._fibrosa,eucalyptus_fibrosa_subsp_fibrosa
Eucalyptus_flindersii_AHT_E6,eucalyptus flindersii,eucalyptus_flindersii,eucalyptus_flindersii
Eucalyptus_flocktoniae_subsp_flocktoniae_288,eucalyptus flocktoniae subsp. flocktoniae,eucalyptus_flocktoniae_subsp._flocktoniae,eucalyptus_flocktoniae_subsp_flocktoniae
Eucalyptus_foecunda_320,eucalyptus foecunda,eucalyptus_foecunda,eucalyptus_foecunda
Eucalyptus_foliosa_CANB_794339,eucalyptus foliosa,eucalyptus_foliosa,eucalyptus_foliosa
Eucalyptus_formanii_AHT_E26,eucalyptus formanii,eucalyptus_formanii,eucalyptus_formanii
Eucalyptus_forrestiana_MC_11265,eucalyptus forrestiana,eucalyptus_forrestiana,eucalyptus_forrestiana
Eucalyptus_fraseri_subsp_fraseri_36,eucalyptus fraseri subsp. fraseri,eucalyptus_fraseri_subsp._fraseri,eucalyptus_fraseri_subsp_fraseri
Eucalyptus_fraxinoides_751650,eucalyptus fraxinoides,eucalyptus_fraxinoides,eucalyptus_fraxinoides
Eucalyptus_frenchiana_11,eucalyptus frenchiana,eucalyptus_frenchiana,eucalyptus_frenchiana
Eucalyptus_froggattii_479,eucalyptus froggattii,eucalyptus_froggattii,eucalyptus_froggattii
Eucalyptus_fruticosa_30,eucalyptus fruticosa,eucalyptus_fruticosa,eucalyptus_fruticosa
Eucalyptus_fulgens_9707943,eucalyptus fulgens,eucalyptus_fulgens,eucalyptus_fulgens
Eucalyptus_fusiformis_8604718,eucalyptus fusiformis,eucalyptus_fusiformis,eucalyptus_fusiformis
Eucalyptus_gamophylla_MC_10612,eucalyptus gamophylla,eucalyptus_gamophylla,eucalyptus_gamophylla
Eucalyptus_gardneri_subsp_gardneri_593,eucalyptus gardneri subsp. gardneri,eucalyptus_gardneri_subsp._gardneri,eucalyptus_gardneri_subsp_gardneri
Eucalyptus_georgei_subsp_georgei_323,eucalyptus georgei subsp. georgei,eucalyptus_georgei_subsp._georgei,eucalyptus_georgei_subsp_georgei
Eucalyptus_gigantangion_CANB_454615,eucalyptus gigantangion,eucalyptus_gigantangion,eucalyptus_gigantangion
Eucalyptus_gillenii_720,eucalyptus gillenii,eucalyptus_gillenii,eucalyptus_gillenii
Eucalyptus_gillii_459,eucalyptus gillii,eucalyptus_gillii,eucalyptus_gillii
Eucalyptus_gittinsii_subsp_gittinsii_MC_10801,eucalyptus gittinsii subsp. gittinsii,eucalyptus_gittinsii_subsp._gittinsii,eucalyptus_gittinsii_subsp_gittinsii
Eucalyptus_glaucescens_218,eucalyptus glaucescens,eucalyptus_glaucescens,eucalyptus_glaucescens
Eucalyptus_glaucina_626,eucalyptus glaucina,eucalyptus_glaucina,eucalyptus_glaucina
Eucalyptus_globoidea_729,eucalyptus globoidea,eucalyptus_globoidea,eucalyptus_globoidea
Eucalyptus_globulus_subsp_globulus_ANBG_85001816,eucalyptus globulus subsp. globulus,eucalyptus_globulus_subsp._globulus,eucalyptus_globulus_subsp_globulus
Eucalyptus_glomerosa_538,eucalyptus glomerosa,eucalyptus_glomerosa,eucalyptus_glomerosa
Eucalyptus_gomphocephala_357,eucalyptus gomphocephala,eucalyptus_gomphocephala,eucalyptus_gomphocephala
Eucalyptus_gongylocarpa_MC_11097,eucalyptus gongylocarpa,eucalyptus_gongylocarpa,eucalyptus_gongylocarpa
Eucalyptus_goniantha_subsp_goniantha_286,eucalyptus goniantha subsp. goniantha,eucalyptus_goniantha_subsp._goniantha,eucalyptus_goniantha_subsp_goniantha
Eucalyptus_goniocalyx_subsp_goniocalyx_669,eucalyptus goniocalyx subsp. goniocalyx,eucalyptus_goniocalyx_subsp._goniocalyx,eucalyptus_goniocalyx_subsp_goniocalyx
Eucalyptus_goniocarpa_536,eucalyptus goniocarpa,eucalyptus_goniocarpa,eucalyptus_goniocarpa
Eucalyptus_gracilis_202,eucalyptus gracilis,eucalyptus_gracilis,eucalyptus_gracilis
Eucalyptus_grandis,eucalyptus grandis,eucalyptus_grandis,eucalyptus_grandis
Eucalyptus_granitica_Mt_Annan_831413,eucalyptus granitica,eucalyptus_granitica,eucalyptus_granitica
Eucalyptus_gregoriensis_503,eucalyptus gregoriensis,eucalyptus_gregoriensis,eucalyptus_gregoriensis
Eucalyptus_gregsoniana_157,eucalyptus gregsoniana,eucalyptus_gregsoniana,eucalyptus_gregsoniana
Eucalyptus_griffithsii_15,eucalyptus griffithsii,eucalyptus_griffithsii,eucalyptus_griffithsii
Eucalyptus_grisea_690,eucalyptus grisea,eucalyptus_grisea,eucalyptus_grisea
Eucalyptus_grossa_CANB_794307,eucalyptus grossa,eucalyptus_grossa,eucalyptus_grossa
Eucalyptus_guilfoylei_MC_10953,eucalyptus guilfoylei,eucalyptus_guilfoylei,eucalyptus_guilfoylei
Eucalyptus_gunnii_ANBG_656505,eucalyptus gunnii,eucalyptus_gunnii,eucalyptus_gunnii
Eucalyptus_gypsophila_543,eucalyptus gypsophila,eucalyptus_gypsophila,eucalyptus_gypsophila
Eucalyptus_haemastoma_Mt_Annan_20051000,eucalyptus haemastoma,eucalyptus_haemastoma,eucalyptus_haemastoma
Eucalyptus_hallii,eucalyptus hallii,eucalyptus_hallii,eucalyptus_hallii
Eucalyptus_halophila_CANB_794338,eucalyptus halophila,eucalyptus_halophila,eucalyptus_halophila
Eucalyptus_hebetifolia_467228,eucalyptus hebetifolia,eucalyptus_hebetifolia,eucalyptus_hebetifolia
Eucalyptus_herbertiana_CANB_785524,eucalyptus herbertiana,eucalyptus_herbertiana,eucalyptus_herbertiana
Eucalyptus_histophylla_12,eucalyptus histophylla,eucalyptus_histophylla,eucalyptus_histophylla
Eucalyptus_horistes_353,eucalyptus horistes,eucalyptus_horistes,eucalyptus_horistes
Eucalyptus_houseana_MC_10570,eucalyptus houseana,eucalyptus_houseana,eucalyptus_houseana
Eucalyptus_howittiana_496,eucalyptus howittiana,eucalyptus_howittiana,eucalyptus_howittiana
Eucalyptus_hypolaena_525,eucalyptus hypolaena,eucalyptus_hypolaena,eucalyptus_hypolaena
Eucalyptus_ignorabilis_379,eucalyptus ignorabilis,eucalyptus_ignorabilis,eucalyptus_ignorabilis
Eucalyptus_imlayensis_ANBG_782689,eucalyptus imlayensis,eucalyptus_imlayensis,eucalyptus_imlayensis
Eucalyptus_impensa_643,eucalyptus impensa,eucalyptus_impensa,eucalyptus_impensa
Eucalyptus_incerata_728,eucalyptus incerata,eucalyptus_incerata,eucalyptus_incerata
Eucalyptus_incrassata_283,eucalyptus incrassata,eucalyptus_incrassata,eucalyptus_incrassata
Eucalyptus_indurata_81,eucalyptus indurata,eucalyptus_indurata,eucalyptus_indurata
Eucalyptus_infera_570,eucalyptus infera,eucalyptus_infera,eucalyptus_infera
Eucalyptus_insularis_275,eucalyptus insularis,eucalyptus_insularis,eucalyptus_insularis
Eucalyptus_interstans_256,eucalyptus interstans,eucalyptus_interstans,eucalyptus_interstans
Eucalyptus_intertexta_204,eucalyptus intertexta,eucalyptus_intertexta,eucalyptus_intertexta
Eucalyptus_jacksonii_MC_10952,eucalyptus jacksonii,eucalyptus_jacksonii,eucalyptus_jacksonii
Eucalyptus_jimberlanica_16,eucalyptus jimberlanica,eucalyptus_jimberlanica,eucalyptus_jimberlanica
Eucalyptus_johnsoniana_CANB_794214,eucalyptus johnsoniana,eucalyptus_johnsoniana,eucalyptus_johnsoniana
Eucalyptus_jucunda_MC_10796,eucalyptus jucunda,eucalyptus_jucunda,eucalyptus_jucunda
Eucalyptus_jutsonii_subsp_jutsonii_187,eucalyptus jutsonii subsp. jutsonii,eucalyptus_jutsonii_subsp._jutsonii,eucalyptus_jutsonii_subsp_jutsonii
Eucalyptus_kartzoffiana_152,eucalyptus kartzoffiana,eucalyptus_kartzoffiana,eucalyptus_kartzoffiana
Eucalyptus_kessellii_subsp_kessellii_343,eucalyptus kessellii subsp. kessellii,eucalyptus_kessellii_subsp._kessellii,eucalyptus_kessellii_subsp_kessellii
Eucalyptus_kingsmillii_subsp_kingsmillii_Mt_Annan_866008,eucalyptus kingsmillii subsp. kingsmillii,eucalyptus_kingsmillii_subsp._kingsmillii,eucalyptus_kingsmillii_subsp_kingsmillii
Eucalyptus_kitsoniana_110,eucalyptus kitsoniana,eucalyptus_kitsoniana,eucalyptus_kitsoniana
Eucalyptus_kochii_subsp_kochii_657,eucalyptus kochii subsp. kochii,eucalyptus_kochii_subsp._kochii,eucalyptus_kochii_subsp_kochii
Eucalyptus_kondininensis_85,eucalyptus kondininensis,eucalyptus_kondininensis,eucalyptus_kondininensis
Eucalyptus_koolpinensis_CANB_454611,eucalyptus koolpinensis,eucalyptus_koolpinensis,eucalyptus_koolpinensis
Eucalyptus_kruseana_129,eucalyptus kruseana,eucalyptus_kruseana,eucalyptus_kruseana
Eucalyptus_kumarlensis_587,eucalyptus kumarlensis,eucalyptus_kumarlensis,eucalyptus_kumarlensis
Eucalyptus_kybeanensis_AHT_E19,eucalyptus kybeanensis,eucalyptus_kybeanensis,eucalyptus_kybeanensis
Eucalyptus_lacrimans_251,eucalyptus lacrimans,eucalyptus_lacrimans,eucalyptus_lacrimans
Eucalyptus_laeliae_337,eucalyptus laeliae,eucalyptus_laeliae,eucalyptus_laeliae
Eucalyptus_laevopinea_245,eucalyptus laevopinea,eucalyptus_laevopinea,eucalyptus_laevopinea
Eucalyptus_lanepoolei_434,eucalyptus lanepoolei,eucalyptus_lanepoolei,eucalyptus_lanepoolei
Eucalyptus_langleyi_8801319,eucalyptus langleyi,eucalyptus_langleyi,eucalyptus_langleyi
Eucalyptus_lansdowneana_652,eucalyptus lansdowneana,eucalyptus_lansdowneana,eucalyptus_lansdowneana
Eucalyptus_largeana_CANB_470581,eucalyptus largeana,eucalyptus_largeana,eucalyptus_largeana
Eucalyptus_largiflorens_CANB_785604,eucalyptus largiflorens,eucalyptus_largiflorens,eucalyptus_largiflorens
Eucalyptus_latens_292,eucalyptus latens,eucalyptus_latens,eucalyptus_latens
Eucalyptus_lateritica_CANB_794197,eucalyptus lateritica,eucalyptus_lateritica,eucalyptus_lateritica
Eucalyptus_latisinensis_247,eucalyptus latisinensis,eucalyptus_latisinensis,eucalyptus_latisinensis
Eucalyptus_lehmanii_subsp_lehmanii_531,eucalyptus lehmanii subsp. lehmanii,eucalyptus_lehmanii_subsp._lehmanii,eucalyptus_lehmanii_subsp_lehmanii
Eucalyptus_leptocalyx_subsp_leptocalyx_73,eucalyptus leptocalyx subsp. leptocalyx,eucalyptus_leptocalyx_subsp._leptocalyx,eucalyptus_leptocalyx_subsp_leptocalyx
Eucalyptus_leptophleba_CANB_597951,eucalyptus leptophleba,eucalyptus_leptophleba,eucalyptus_leptophleba
Eucalyptus_leptophylla_200,eucalyptus leptophylla,eucalyptus_leptophylla,eucalyptus_leptophylla
Eucalyptus_leptopoda_subsp_leptopoda_CANB_519232,eucalyptus leptopoda subsp. leptopoda,eucalyptus_leptopoda_subsp._leptopoda,eucalyptus_leptopoda_subsp_leptopoda
Eucalyptus_lesouefii_38,eucalyptus lesouefii,eucalyptus_lesouefii,eucalyptus_lesouefii
Eucalyptus_leucophloia_subsp_euroa_500,eucalyptus leucophloia subsp. euroa,eucalyptus_leucophloia_subsp._euroa,eucalyptus_leucophloia_subsp_euroa
Eucalyptus_leucoxylon_subsp_leucoxylon_716,eucalyptus leucoxylon subsp. leucoxylon,eucalyptus_leucoxylon_subsp._leucoxylon,eucalyptus_leucoxylon_subsp_leucoxylon
Eucalyptus_ligulata_subsp_ligulata_721,eucalyptus ligulata subsp. ligulata,eucalyptus_ligulata_subsp._ligulata,eucalyptus_ligulata_subsp_ligulata
Eucalyptus_ligustrina_736,eucalyptus ligustrina,eucalyptus_ligustrina,eucalyptus_ligustrina
Eucalyptus_limitaris_CANB_785552,eucalyptus limitaris,eucalyptus_limitaris,eucalyptus_limitaris
Eucalyptus_lirata_CANB_784082,eucalyptus lirata,eucalyptus_lirata,eucalyptus_lirata
Eucalyptus_litorea_341,eucalyptus litorea,eucalyptus_litorea,eucalyptus_litorea
Eucalyptus_livida_CANB_794326,eucalyptus livida,eucalyptus_livida,eucalyptus_livida
Eucalyptus_lockyeri,eucalyptus lockyeri,eucalyptus_lockyeri,eucalyptus_lockyeri
Eucalyptus_longicornis_491,eucalyptus longicornis,eucalyptus_longicornis,eucalyptus_longicornis
Eucalyptus_longifolia,eucalyptus longifolia,eucalyptus_longifolia,eucalyptus_longifolia
Eucalyptus_longirostrata_649,eucalyptus longirostrata,eucalyptus_longirostrata,eucalyptus_longirostrata
Eucalyptus_loxophleba_subsp_loxophleba_ANBG_9205090,eucalyptus loxophleba subsp. loxophleba,eucalyptus_loxophleba_subsp._loxophleba,eucalyptus_loxophleba_subsp_loxophleba
Eucalyptus_lucasii_MC_11098,eucalyptus lucasii,eucalyptus_lucasii,eucalyptus_lucasii
Eucalyptus_lucens_526,eucalyptus lucens,eucalyptus_lucens,eucalyptus_lucens
Eucalyptus_luculenta_705,eucalyptus luculenta,eucalyptus_luculenta,eucalyptus_luculenta
Eucalyptus_luehmanniana_8300316,eucalyptus luehmanniana,eucalyptus_luehmanniana,eucalyptus_luehmanniana
Eucalyptus_macarthurii_ANBG_no_sn,eucalyptus macarthurii,eucalyptus_macarthurii,eucalyptus_macarthurii
Eucalyptus_mackintii_308,eucalyptus mackintii,eucalyptus_mackintii,eucalyptus_mackintii
Eucalyptus_macrandra_153,eucalyptus macrandra,eucalyptus_macrandra,eucalyptus_macrandra
Eucalyptus_macrocarpa_subsp_macrocarpa_60,eucalyptus macrocarpa subsp. macrocarpa,eucalyptus_macrocarpa_subsp._macrocarpa,eucalyptus_macrocarpa_subsp_macrocarpa
Eucalyptus_macrorhyncha_subsp_macrorhyncha_761,eucalyptus macrorhyncha subsp. macrorhyncha,eucalyptus_macrorhyncha_subsp._macrorhyncha,eucalyptus_macrorhyncha_subsp_macrorhyncha
Eucalyptus_magnificata_672,eucalyptus magnificata,eucalyptus_magnificata,eucalyptus_magnificata
Eucalyptus_major_602,eucalyptus major,eucalyptus_major,eucalyptus_major
Eucalyptus_malacoxylon_576,eucalyptus malacoxylon,eucalyptus_malacoxylon,eucalyptus_malacoxylon
Eucalyptus_mannensis_subsp_vespertina_321,eucalyptus mannensis subsp. vespertina,eucalyptus_mannensis_subsp._vespertina,eucalyptus_mannensis_subsp_vespertina
Eucalyptus_mannifera_subsp_mannifera_610,eucalyptus mannifera subsp. mannifera,eucalyptus_mannifera_subsp._mannifera,eucalyptus_mannifera_subsp_mannifera
Eucalyptus_marginata_subsp_marginata_MC_10941,eucalyptus marginata subsp. marginata,eucalyptus_marginata_subsp._marginata,eucalyptus_marginata_subsp_marginata
Eucalyptus_mckieana_248,eucalyptus mckieana,eucalyptus_mckieana,eucalyptus_mckieana
Eucalyptus_mcquoidii_4,eucalyptus mcquoidii,eucalyptus_mcquoidii,eucalyptus_mcquoidii
Eucalyptus_medialis_AHT_E20,eucalyptus medialis,eucalyptus_medialis,eucalyptus_medialis
Eucalyptus_megacarpa_MC_11214,eucalyptus megacarpa,eucalyptus_megacarpa,eucalyptus_megacarpa
Eucalyptus_megacornuta_84,eucalyptus megacornuta,eucalyptus_megacornuta,eucalyptus_megacornuta
Eucalyptus_melanoleuca_605,eucalyptus melanoleuca,eucalyptus_melanoleuca,eucalyptus_melanoleuca
Eucalyptus_melanophitra_582,eucalyptus melanophitra,eucalyptus_melanophitra,eucalyptus_melanophitra
Eucalyptus_melanophloia_subsp_melanophloia_207,eucalyptus melanophloia subsp. melanophloia,eucalyptus_melanophloia_subsp._melanophloia,eucalyptus_melanophloia_subsp_melanophloia
Eucalyptus_melanoxylon_586,eucalyptus melanoxylon,eucalyptus_melanoxylon,eucalyptus_melanoxylon
Eucalyptus_melliodora_ANBG_662272,eucalyptus melliodora,eucalyptus_melliodora,eucalyptus_melliodora
Eucalyptus_merrickiae_CANB_794336,eucalyptus merrickiae,eucalyptus_merrickiae,eucalyptus_merrickiae
Eucalyptus_michaeliana_258,eucalyptus michaeliana,eucalyptus_michaeliana,eucalyptus_michaeliana
Eucalyptus_micranthera_334,eucalyptus micranthera,eucalyptus_micranthera,eucalyptus_micranthera
Eucalyptus_microcarpa_475,eucalyptus microcarpa,eucalyptus_microcarpa,eucalyptus_microcarpa
Eucalyptus_microcorys_ANBG_491154,eucalyptus microcorys,eucalyptus_microcorys,eucalyptus_microcorys
Eucalyptus_microneura_8603418,eucalyptus microneura,eucalyptus_microneura,eucalyptus_microneura
Eucalyptus_microschema_CANB_635056,eucalyptus microschema,eucalyptus_microschema,eucalyptus_microschema
Eucalyptus_microtheca_MC_10519,eucalyptus microtheca,eucalyptus_microtheca,eucalyptus_microtheca
Eucalyptus_mimica_subsp_mimica_534,eucalyptus mimica subsp. mimica,eucalyptus_mimica_subsp._mimica,eucalyptus_mimica_subsp_mimica
Eucalyptus_miniata_MC_10511,eucalyptus miniata,eucalyptus_miniata,eucalyptus_miniata
Eucalyptus_minigwalica_184,eucalyptus minigwalica,eucalyptus_minigwalica,eucalyptus_minigwalica
Eucalyptus_minniritchi_263,eucalyptus minniritchi,eucalyptus_minniritchi,eucalyptus_minniritchi
Eucalyptus_misella_CANB_794329,eucalyptus misella,eucalyptus_misella,eucalyptus_misella
Eucalyptus_mitchelliana_635,eucalyptus mitchelliana,eucalyptus_mitchelliana,eucalyptus_mitchelliana
Eucalyptus_moderata_274,eucalyptus moderata,eucalyptus_moderata,eucalyptus_moderata
Eucalyptus_moluccana_50761,eucalyptus moluccana,eucalyptus_moluccana,eucalyptus_moluccana
Eucalyptus_mooreana_CANB_750218,eucalyptus mooreana,eucalyptus_mooreana,eucalyptus_mooreana
Eucalyptus_moorei_subsp_moorei_9600762,eucalyptus moorei subsp. moorei,eucalyptus_moorei_subsp._moorei,eucalyptus_moorei_subsp_moorei
Eucalyptus_morrisbyi_618,eucalyptus morrisbyi,eucalyptus_morrisbyi,eucalyptus_morrisbyi
Eucalyptus_morrisii_206,eucalyptus morrisii,eucalyptus_morrisii,eucalyptus_morrisii
Eucalyptus_muelleriana_159,eucalyptus muelleriana,eucalyptus_muelleriana,eucalyptus_muelleriana
Eucalyptus_multicaulis_761635,eucalyptus multicaulis,eucalyptus_multicaulis,eucalyptus_multicaulis
Eucalyptus_myriadena_591,eucalyptus myriadena,eucalyptus_myriadena,eucalyptus_myriadena
Eucalyptus_nanderwairca_9707924,eucalyptus nanderwairca,eucalyptus_nanderwairca,eucalyptus_nanderwairca
Eucalyptus_neglecta_72027,eucalyptus neglecta,eucalyptus_neglecta,eucalyptus_neglecta
Eucalyptus_nerthicola_34,eucalyptus nerthicola,eucalyptus_nerthicola,eucalyptus_nerthicola
Eucalyptus_neutra_284,eucalyptus neutra,eucalyptus_neutra,eucalyptus_neutra
Eucalyptus_newbeyi_501,eucalyptus newbeyi,eucalyptus_newbeyi,eucalyptus_newbeyi
Eucalyptus_nicholii_209,eucalyptus nicholii,eucalyptus_nicholii,eucalyptus_nicholii
Eucalyptus_nitens_ANBG_651034,eucalyptus nitens,eucalyptus_nitens,eucalyptus_nitens
Eucalyptus_nitida_744,eucalyptus nitida,eucalyptus_nitida,eucalyptus_nitida
Eucalyptus_nobilis_246,eucalyptus nobilis,eucalyptus_nobilis,eucalyptus_nobilis
Eucalyptus_normantonensis_340,eucalyptus normantonensis,eucalyptus_normantonensis,eucalyptus_normantonensis
Eucalyptus_nortonii_664,eucalyptus nortonii,eucalyptus_nortonii,eucalyptus_nortonii
Eucalyptus_nova_anglica_244,eucalyptus nova,eucalyptus_nova,eucalyptus_nova
Eucalyptus_nudicaulis_703,eucalyptus nudicaulis,eucalyptus_nudicaulis,eucalyptus_nudicaulis
Eucalyptus_nutans_722,eucalyptus nutans,eucalyptus_nutans,eucalyptus_nutans
Eucalyptus_obconica_CANB_644802,eucalyptus obconica,eucalyptus_obconica,eucalyptus_obconica
Eucalyptus_obesa_70,eucalyptus obesa,eucalyptus_obesa,eucalyptus_obesa
Eucalyptus_obliqua_Royal_Canberra_Golf_AHT21,eucalyptus obliqua,eucalyptus_obliqua,eucalyptus_obliqua
Eucalyptus_oblonga_255,eucalyptus oblonga,eucalyptus_oblonga,eucalyptus_oblonga
Eucalyptus_obtusiflora_MC_10760,eucalyptus obtusiflora,eucalyptus_obtusiflora,eucalyptus_obtusiflora
Eucalyptus_occidentalis_430,eucalyptus occidentalis,eucalyptus_occidentalis,eucalyptus_occidentalis
Eucalyptus_ochrophloia_CANB_785600,eucalyptus ochrophloia,eucalyptus_ochrophloia,eucalyptus_ochrophloia
Eucalyptus_odontocarpa_MC_10608,eucalyptus odontocarpa,eucalyptus_odontocarpa,eucalyptus_odontocarpa
Eucalyptus_oldfieldii_MC_10775,eucalyptus oldfieldii,eucalyptus_oldfieldii,eucalyptus_oldfieldii
Eucalyptus_oleosa_subsp_oleosa_58,eucalyptus oleosa subsp. oleosa,eucalyptus_oleosa_subsp._oleosa,eucalyptus_oleosa_subsp_oleosa
Eucalyptus_olida_738,eucalyptus olida,eucalyptus_olida,eucalyptus_olida
Eucalyptus_oligantha_MC_10571,eucalyptus oligantha,eucalyptus_oligantha,eucalyptus_oligantha
Eucalyptus_olivina_44,eucalyptus olivina,eucalyptus_olivina,eucalyptus_olivina
Eucalyptus_olsenii_762144,eucalyptus olsenii,eucalyptus_olsenii,eucalyptus_olsenii
Eucalyptus_ophitica_607,eucalyptus ophitica,eucalyptus_ophitica,eucalyptus_ophitica
Eucalyptus_optima_708,eucalyptus optima,eucalyptus_optima,eucalyptus_optima
Eucalyptus_oraria_28,eucalyptus oraria,eucalyptus_oraria,eucalyptus_oraria
Eucalyptus_orbifolia_472,eucalyptus orbifolia,eucalyptus_orbifolia,eucalyptus_orbifolia
Eucalyptus_oreades_747,eucalyptus oreades,eucalyptus_oreades,eucalyptus_oreades
Eucalyptus_orgadophila_AHT_E10,eucalyptus orgadophila,eucalyptus_orgadophila,eucalyptus_orgadophila
Eucalyptus_ornata_583,eucalyptus ornata,eucalyptus_ornata,eucalyptus_ornata
Eucalyptus_orthostemon_446,eucalyptus orthostemon,eucalyptus_orthostemon,eucalyptus_orthostemon
Eucalyptus_ovata_var_ovata_ANBG_475702,eucalyptus ovata,eucalyptus_ovata,eucalyptus_ovata
Eucalyptus_ovularis_355,eucalyptus ovularis,eucalyptus_ovularis,eucalyptus_ovularis
Eucalyptus_oxymitra_278,eucalyptus oxymitra,eucalyptus_oxymitra,eucalyptus_oxymitra
Eucalyptus_pachycalyx_subsp_pachycalyx_305,eucalyptus pachycalyx subsp. pachycalyx,eucalyptus_pachycalyx_subsp._pachycalyx,eucalyptus_pachycalyx_subsp_pachycalyx
Eucalyptus_pachyloma_426,eucalyptus pachyloma,eucalyptus_pachyloma,eucalyptus_pachyloma
Eucalyptus_pachyphylla_ANBG_8503938,eucalyptus pachyphylla,eucalyptus_pachyphylla,eucalyptus_pachyphylla
Eucalyptus_paedoglauca_625,eucalyptus paedoglauca,eucalyptus_paedoglauca,eucalyptus_paedoglauca
Eucalyptus_paliformis_CANB_460597,eucalyptus paliformis,eucalyptus_paliformis,eucalyptus_paliformis
Eucalyptus_paludicola_ANBG_496820,eucalyptus paludicola,eucalyptus_paludicola,eucalyptus_paludicola
Eucalyptus_panda_228,eucalyptus panda,eucalyptus_panda,eucalyptus_panda
Eucalyptus_paniculata_749,eucalyptus paniculata,eucalyptus_paniculata,eucalyptus_paniculata
Eucalyptus_parramattensis_subsp_parramattensis_161,eucalyptus parramattensis subsp. parramattensis,eucalyptus_parramattensis_subsp._parramattensis,eucalyptus_parramattensis_subsp_parramattensis
Eucalyptus_parvula_164,eucalyptus parvula,eucalyptus_parvula,eucalyptus_parvula
Eucalyptus_patellaris_CANB_558538,eucalyptus patellaris,eucalyptus_patellaris,eucalyptus_patellaris
Eucalyptus_patens_ANBG_55807,eucalyptus patens,eucalyptus_patens,eucalyptus_patens
Eucalyptus_pauciflora_subsp_pauciflora_ANBG_9303293,eucalyptus pauciflora subsp. pauciflora,eucalyptus_pauciflora_subsp._pauciflora,eucalyptus_pauciflora_subsp_pauciflora
Eucalyptus_pellita_ANBG_8413520,eucalyptus pellita,eucalyptus_pellita,eucalyptus_pellita
Eucalyptus_pendens_CANB_794222,eucalyptus pendens,eucalyptus_pendens,eucalyptus_pendens
Eucalyptus_perangusta_51,eucalyptus perangusta,eucalyptus_perangusta,eucalyptus_perangusta
Eucalyptus_percostata_281,eucalyptus percostata,eucalyptus_percostata,eucalyptus_percostata
Eucalyptus_perriniana_742,eucalyptus perriniana,eucalyptus_perriniana,eucalyptus_perriniana
Eucalyptus_persistens_subsp_tardecidens_AHT_E2,eucalyptus persistens subsp. tardecidens,eucalyptus_persistens_subsp._tardecidens,eucalyptus_persistens_subsp_tardecidens
Eucalyptus_petiolaris_ANBG_8317297,eucalyptus petiolaris,eucalyptus_petiolaris,eucalyptus_petiolaris
Eucalyptus_petraea_63,eucalyptus petraea,eucalyptus_petraea,eucalyptus_petraea
Eucalyptus_petrensis_456210,eucalyptus petrensis,eucalyptus_petrensis,eucalyptus_petrensis
Eucalyptus_phaenophylla_subsp_phaenophylla_CANB_794282,eucalyptus phaenophylla subsp. phaenophylla,eucalyptus_phaenophylla_subsp._phaenophylla,eucalyptus_phaenophylla_subsp_phaenophylla
Eucalyptus_phenax_subsp_phenax_375,eucalyptus phenax subsp. phenax,eucalyptus_phenax_subsp._phenax,eucalyptus_phenax_subsp_phenax
Eucalyptus_phoenicea_MC_10527,eucalyptus phoenicea,eucalyptus_phoenicea,eucalyptus_phoenicea
Eucalyptus_pilbarensis_MC_11120,eucalyptus pilbarensis,eucalyptus_pilbarensis,eucalyptus_pilbarensis
Eucalyptus_pileata_17,eucalyptus pileata,eucalyptus_pileata,eucalyptus_pileata
Eucalyptus_pilligaensis_768,eucalyptus pilligaensis,eucalyptus_pilligaensis,eucalyptus_pilligaensis
Eucalyptus_pilularis_482,eucalyptus pilularis,eucalyptus_pilularis,eucalyptus_pilularis
Eucalyptus_pimpiniana_462,eucalyptus pimpiniana,eucalyptus_pimpiniana,eucalyptus_pimpiniana
Eucalyptus_piperita_subsp_piperita_ANBG_8411654,eucalyptus piperita subsp. piperita,eucalyptus_piperita_subsp._piperita,eucalyptus_piperita_subsp_piperita
Eucalyptus_placita_AHT_E25,eucalyptus placita,eucalyptus_placita,eucalyptus_placita
Eucalyptus_planchoniana_236,eucalyptus planchoniana,eucalyptus_planchoniana,eucalyptus_planchoniana
Eucalyptus_platycorys_subsp_platycorys_54,eucalyptus platycorys subsp. platycorys,eucalyptus_platycorys_subsp._platycorys,eucalyptus_platycorys_subsp_platycorys
Eucalyptus_platydisca_CANB_638520,eucalyptus platydisca,eucalyptus_platydisca,eucalyptus_platydisca
Eucalyptus_platyphylla,eucalyptus platyphylla,eucalyptus_platyphylla,eucalyptus_platyphylla
Eucalyptus_plauta_35,eucalyptus plauta,eucalyptus_plauta,eucalyptus_plauta
Eucalyptus_pleurocarpa,eucalyptus pleurocarpa,eucalyptus_pleurocarpa,eucalyptus_pleurocarpa
Eucalyptus_pluricaulis_subsp_pluricaulis_296,eucalyptus pluricaulis subsp. pluricaulis,eucalyptus_pluricaulis_subsp._pluricaulis,eucalyptus_pluricaulis_subsp_pluricaulis
Eucalyptus_polita_22,eucalyptus polita,eucalyptus_polita,eucalyptus_polita
Eucalyptus_polyanthemos_subsp_polyanthemos_659,eucalyptus polyanthemos subsp. polyanthemos,eucalyptus_polyanthemos_subsp._polyanthemos,eucalyptus_polyanthemos_subsp_polyanthemos
Eucalyptus_polybractea_760,eucalyptus polybractea,eucalyptus_polybractea,eucalyptus_polybractea
Eucalyptus_populnea_MC_10633,eucalyptus populnea,eucalyptus_populnea,eucalyptus_populnea
Eucalyptus_porosa_MC_10664,eucalyptus porosa,eucalyptus_porosa,eucalyptus_porosa
Eucalyptus_praetermissa_CANB_610680,eucalyptus praetermissa,eucalyptus_praetermissa,eucalyptus_praetermissa
Eucalyptus_prava_220,eucalyptus prava,eucalyptus_prava,eucalyptus_prava
Eucalyptus_preissiana_subsp_preissiana_422,eucalyptus preissiana subsp. preissiana,eucalyptus_preissiana_subsp._preissiana,eucalyptus_preissiana_subsp_preissiana
Eucalyptus_prolixa_CANB_536396,eucalyptus prolixa,eucalyptus_prolixa,eucalyptus_prolixa
Eucalyptus_prominens_373,eucalyptus prominens,eucalyptus_prominens,eucalyptus_prominens
Eucalyptus_propinqua_696,eucalyptus propinqua,eucalyptus_propinqua,eucalyptus_propinqua
Eucalyptus_protensa_14,eucalyptus protensa,eucalyptus_protensa,eucalyptus_protensa
Eucalyptus_proxima_432,eucalyptus proxima,eucalyptus_proxima,eucalyptus_proxima
Eucalyptus_pruiniramis_MC_11189,eucalyptus pruiniramis,eucalyptus_pruiniramis,eucalyptus_pruiniramis
Eucalyptus_pruinosa_subsp_pruinosa_Mt_Annan_841760,eucalyptus pruinosa subsp. pruinosa,eucalyptus_pruinosa_subsp._pruinosa,eucalyptus_pruinosa_subsp_pruinosa
Eucalyptus_pterocarpa_8,eucalyptus pterocarpa,eucalyptus_pterocarpa,eucalyptus_pterocarpa
Eucalyptus_pulchella_612,eucalyptus pulchella,eucalyptus_pulchella,eucalyptus_pulchella
Eucalyptus_pulverulenta_684,eucalyptus pulverulenta,eucalyptus_pulverulenta,eucalyptus_pulverulenta
Eucalyptus_pumila_227,eucalyptus pumila,eucalyptus_pumila,eucalyptus_pumila
Eucalyptus_purpurata_83,eucalyptus purpurata,eucalyptus_purpurata,eucalyptus_purpurata
Eucalyptus_pyriformis_268,eucalyptus pyriformis,eucalyptus_pyriformis,eucalyptus_pyriformis
Eucalyptus_pyrocarpa_630205,eucalyptus pyrocarpa,eucalyptus_pyrocarpa,eucalyptus_pyrocarpa
Eucalyptus_quadrangulata_234,eucalyptus quadrangulata,eucalyptus_quadrangulata,eucalyptus_quadrangulata
Eucalyptus_quadrans_384,eucalyptus quadrans,eucalyptus_quadrans,eucalyptus_quadrans
Eucalyptus_quadricostata_8603516,eucalyptus quadricostata,eucalyptus_quadricostata,eucalyptus_quadricostata
Eucalyptus_quaerenda_CANB_794294,eucalyptus quaerenda,eucalyptus_quaerenda,eucalyptus_quaerenda
Eucalyptus_quinniorum_9707932,eucalyptus quinniorum,eucalyptus_quinniorum,eucalyptus_quinniorum
Eucalyptus_racemosa_732766,eucalyptus racemosa,eucalyptus_racemosa,eucalyptus_racemosa
Eucalyptus_radiata_subsp_radiata_732,eucalyptus radiata subsp. radiata,eucalyptus_radiata_subsp._radiata,eucalyptus_radiata_subsp_radiata
Eucalyptus_ralla_250,eucalyptus ralla,eucalyptus_ralla,eucalyptus_ralla
Eucalyptus_rameliana_648,eucalyptus rameliana,eucalyptus_rameliana,eucalyptus_rameliana
Eucalyptus_raveretiana_685,eucalyptus raveretiana,eucalyptus_raveretiana,eucalyptus_raveretiana
Eucalyptus_ravida_458,eucalyptus ravida,eucalyptus_ravida,eucalyptus_ravida
Eucalyptus_recta_751,eucalyptus recta,eucalyptus_recta,eucalyptus_recta
Eucalyptus_recurva_ANBG,eucalyptus recurva,eucalyptus_recurva,eucalyptus_recurva
Eucalyptus_redunca_507,eucalyptus redunca,eucalyptus_redunca,eucalyptus_redunca
Eucalyptus_regnans_ANBG_8501815,eucalyptus regnans,eucalyptus_regnans,eucalyptus_regnans
Eucalyptus_remota_ANBG_9807783,eucalyptus remota,eucalyptus_remota,eucalyptus_remota
Eucalyptus_resinifera_subsp_resinifera_750,eucalyptus resinifera subsp. resinifera,eucalyptus_resinifera_subsp._resinifera,eucalyptus_resinifera_subsp_resinifera
Eucalyptus_retinens_259,eucalyptus retinens,eucalyptus_retinens,eucalyptus_retinens
Eucalyptus_retusa_726,eucalyptus retusa,eucalyptus_retusa,eucalyptus_retusa
Eucalyptus_rhodantha_374,eucalyptus rhodantha,eucalyptus_rhodantha,eucalyptus_rhodantha
Eucalyptus_rhombica_596,eucalyptus rhombica,eucalyptus_rhombica,eucalyptus_rhombica
Eucalyptus_rhomboidea_476,eucalyptus rhomboidea,eucalyptus_rhomboidea,eucalyptus_rhomboidea
Eucalyptus_rigens_76,eucalyptus rigens,eucalyptus_rigens,eucalyptus_rigens
Eucalyptus_rigidula_201,eucalyptus rigidula,eucalyptus_rigidula,eucalyptus_rigidula
Eucalyptus_risdonii_620,eucalyptus risdonii,eucalyptus_risdonii,eucalyptus_risdonii
Eucalyptus_rodwayi_62705,eucalyptus rodwayi,eucalyptus_rodwayi,eucalyptus_rodwayi
Eucalyptus_rosacea_645,eucalyptus rosacea,eucalyptus_rosacea,eucalyptus_rosacea
Eucalyptus_roycei_328,eucalyptus roycei,eucalyptus_roycei,eucalyptus_roycei
Eucalyptus_rubida_subsp_rubida_ANBG_732895,eucalyptus rubida subsp. rubida,eucalyptus_rubida_subsp._rubida,eucalyptus_rubida_subsp_rubida
Eucalyptus_rubiginosa_654,eucalyptus rubiginosa,eucalyptus_rubiginosa,eucalyptus_rubiginosa
Eucalyptus_rudderi_614,eucalyptus rudderi,eucalyptus_rudderi,eucalyptus_rudderi
Eucalyptus_rudis_351,eucalyptus rudis,eucalyptus_rudis,eucalyptus_rudis
Eucalyptus_rugosa_61,eucalyptus rugosa,eucalyptus_rugosa,eucalyptus_rugosa
Eucalyptus_rugulata_42,eucalyptus rugulata,eucalyptus_rugulata,eucalyptus_rugulata
Eucalyptus_rummeryi_735,eucalyptus rummeryi,eucalyptus_rummeryi,eucalyptus_rummeryi
Eucalyptus_salicola_32,eucalyptus salicola,eucalyptus_salicola,eucalyptus_salicola
Eucalyptus_saligna_737,eucalyptus saligna,eucalyptus_saligna,eucalyptus_saligna
Eucalyptus_salmonophloia_CANB_564460,eucalyptus salmonophloia,eucalyptus_salmonophloia,eucalyptus_salmonophloia
Eucalyptus_salubris_589,eucalyptus salubris,eucalyptus_salubris,eucalyptus_salubris
Eucalyptus_sargentii_subsp_sargentii_524,eucalyptus sargentii subsp. sargentii,eucalyptus_sargentii_subsp._sargentii,eucalyptus_sargentii_subsp_sargentii
Eucalyptus_saxatilis_7906246,eucalyptus saxatilis,eucalyptus_saxatilis,eucalyptus_saxatilis
Eucalyptus_scias_subsp_scias_745,eucalyptus scias subsp. scias,eucalyptus_scias_subsp._scias,eucalyptus_scias_subsp_scias
Eucalyptus_scoparia_ANBG_501278,eucalyptus scoparia,eucalyptus_scoparia,eucalyptus_scoparia
Eucalyptus_scopulorum_670,eucalyptus scopulorum,eucalyptus_scopulorum,eucalyptus_scopulorum
Eucalyptus_scyphocalyx_AHT_E7,eucalyptus scyphocalyx,eucalyptus_scyphocalyx,eucalyptus_scyphocalyx
Eucalyptus_seeana_630,eucalyptus seeana,eucalyptus_seeana,eucalyptus_seeana
Eucalyptus_semota_530,eucalyptus semota,eucalyptus_semota,eucalyptus_semota
Eucalyptus_sepulcralis_CANB_378343,eucalyptus sepulcralis,eucalyptus_sepulcralis,eucalyptus_sepulcralis
Eucalyptus_serraensis_MC_10646,eucalyptus serraensis,eucalyptus_serraensis,eucalyptus_serraensis
Eucalyptus_sessilis_549,eucalyptus sessilis,eucalyptus_sessilis,eucalyptus_sessilis
Eucalyptus_sicilifolia_8603421,eucalyptus sicilifolia,eucalyptus_sicilifolia,eucalyptus_sicilifolia
Eucalyptus_siderophloia_ANBG_7906137,eucalyptus siderophloia,eucalyptus_siderophloia,eucalyptus_siderophloia
Eucalyptus_sideroxylon_750609,eucalyptus sideroxylon,eucalyptus_sideroxylon,eucalyptus_sideroxylon
Eucalyptus_sieberi_ANBG_8411661,eucalyptus sieberi,eucalyptus_sieberi,eucalyptus_sieberi
Eucalyptus_similis,eucalyptus similis,eucalyptus_similis,eucalyptus_similis
Eucalyptus_singularis_AHT_E15,eucalyptus singularis,eucalyptus_singularis,eucalyptus_singularis
Eucalyptus_smithii_217,eucalyptus smithii,eucalyptus_smithii,eucalyptus_smithii
Eucalyptus_socialis_subsp_socialis_276,eucalyptus socialis subsp. socialis,eucalyptus_socialis_subsp._socialis,eucalyptus_socialis_subsp_socialis
Eucalyptus_sparsa_AHT_E24,eucalyptus sparsa,eucalyptus_sparsa,eucalyptus_sparsa
Eucalyptus_sparsifolia_216,eucalyptus sparsifolia,eucalyptus_sparsifolia,eucalyptus_sparsifolia
Eucalyptus_spathulata_subsp_spathulata_368,eucalyptus spathulata subsp. spathulata,eucalyptus_spathulata_subsp._spathulata,eucalyptus_spathulata_subsp_spathulata
Eucalyptus_sphaerocarpa_606,eucalyptus sphaerocarpa,eucalyptus_sphaerocarpa,eucalyptus_sphaerocarpa
Eucalyptus_splendens_subsp_splendens_303,eucalyptus splendens subsp. splendens,eucalyptus_splendens_subsp._splendens,eucalyptus_splendens_subsp_splendens
Eucalyptus_spreta_40,eucalyptus spreta,eucalyptus_spreta,eucalyptus_spreta
Eucalyptus_squamosa_629,eucalyptus squamosa,eucalyptus_squamosa,eucalyptus_squamosa
Eucalyptus_staeri_366,eucalyptus staeri,eucalyptus_staeri,eucalyptus_staeri
Eucalyptus_steedmanii_585,eucalyptus steedmanii,eucalyptus_steedmanii,eucalyptus_steedmanii
Eucalyptus_stellulata_9102880,eucalyptus stellulata,eucalyptus_stellulata,eucalyptus_stellulata
Eucalyptus_stenostoma_733,eucalyptus stenostoma,eucalyptus_stenostoma,eucalyptus_stenostoma
Eucalyptus_stoatei_191,eucalyptus stoatei,eucalyptus_stoatei,eucalyptus_stoatei
Eucalyptus_stowardii_CANB_790458,eucalyptus stowardii,eucalyptus_stowardii,eucalyptus_stowardii
Eucalyptus_stricklandii_18,eucalyptus stricklandii,eucalyptus_stricklandii,eucalyptus_stricklandii
Eucalyptus_stricta_309,eucalyptus stricta,eucalyptus_stricta,eucalyptus_stricta
Eucalyptus_strzeleckii_subsp_strzeleckii_162,eucalyptus strzeleckii subsp. strzeleckii,eucalyptus_strzeleckii_subsp._strzeleckii,eucalyptus_strzeleckii_subsp_strzeleckii
Eucalyptus_sturgissiana_376,eucalyptus sturgissiana,eucalyptus_sturgissiana,eucalyptus_sturgissiana
Eucalyptus_subangusta_subsp_subangusta_24,eucalyptus subangusta subsp. subangusta,eucalyptus_subangusta_subsp._subangusta,eucalyptus_subangusta_subsp_subangusta
Eucalyptus_subcrenulata_9702884,eucalyptus subcrenulata,eucalyptus_subcrenulata,eucalyptus_subcrenulata
Eucalyptus_suberea_MC_10904A,eucalyptus suberea,eucalyptus_suberea,eucalyptus_suberea
Eucalyptus_subtilis_57,eucalyptus subtilis,eucalyptus_subtilis,eucalyptus_subtilis
Eucalyptus_suggrandis_subsp_suggrandis_82,eucalyptus suggrandis subsp. suggrandis,eucalyptus_suggrandis_subsp._suggrandis,eucalyptus_suggrandis_subsp_suggrandis
Eucalyptus_surgens_190,eucalyptus surgens,eucalyptus_surgens,eucalyptus_surgens
Eucalyptus_synandra_CANB_794049,eucalyptus synandra,eucalyptus_synandra,eucalyptus_synandra
Eucalyptus_talyuberlup_724,eucalyptus talyuberlup,eucalyptus_talyuberlup,eucalyptus_talyuberlup
Eucalyptus_tectifica_CANB_785474,eucalyptus tectifica,eucalyptus_tectifica,eucalyptus_tectifica
Eucalyptus_tenella_763,eucalyptus tenella,eucalyptus_tenella,eucalyptus_tenella
Eucalyptus_tenera_440,eucalyptus tenera,eucalyptus_tenera,eucalyptus_tenera
Eucalyptus_tenuipes,eucalyptus tenuipes,eucalyptus_tenuipes,eucalyptus_tenuipes
Eucalyptus_tenuiramis_CANB_692639,eucalyptus tenuiramis,eucalyptus_tenuiramis,eucalyptus_tenuiramis
Eucalyptus_tenuis_584,eucalyptus tenuis,eucalyptus_tenuis,eucalyptus_tenuis
Eucalyptus_tephrodes_385,eucalyptus tephrodes,eucalyptus_tephrodes,eucalyptus_tephrodes
Eucalyptus_terebra_31,eucalyptus terebra,eucalyptus_terebra,eucalyptus_terebra
Eucalyptus_tereticornis_subsp_tereticornis_769,eucalyptus tereticornis subsp. tereticornis,eucalyptus_tereticornis_subsp._tereticornis,eucalyptus_tereticornis_subsp_tereticornis
Eucalyptus_tetrapleura_746,eucalyptus tetrapleura,eucalyptus_tetrapleura,eucalyptus_tetrapleura
Eucalyptus_tetraptera_AHT_E1,eucalyptus tetraptera,eucalyptus_tetraptera,eucalyptus_tetraptera
Eucalyptus_tetrodonta_MC_10512,eucalyptus tetrodonta,eucalyptus_tetrodonta,eucalyptus_tetrodonta
Eucalyptus_thamnoides_86,eucalyptus thamnoides,eucalyptus_thamnoides,eucalyptus_thamnoides
Eucalyptus_tholiformis_AHT_E13,eucalyptus tholiformis,eucalyptus_tholiformis,eucalyptus_tholiformis
Eucalyptus_thozetiana_MC_10632,eucalyptus thozetiana,eucalyptus_thozetiana,eucalyptus_thozetiana
Eucalyptus_tindaliae_ANBG_69620,eucalyptus tindaliae,eucalyptus_tindaliae,eucalyptus_tindaliae
Eucalyptus_tintinnans_CANB_557752,eucalyptus tintinnans,eucalyptus_tintinnans,eucalyptus_tintinnans
Eucalyptus_todtiana_CANB_530801,eucalyptus todtiana,eucalyptus_todtiana,eucalyptus_todtiana
Eucalyptus_torquata_MC_10738,eucalyptus torquata,eucalyptus_torquata,eucalyptus_torquata
Eucalyptus_tortilis_588,eucalyptus tortilis,eucalyptus_tortilis,eucalyptus_tortilis
Eucalyptus_transcontinentalis_188,eucalyptus transcontinentalis,eucalyptus_transcontinentalis,eucalyptus_transcontinentalis
Eucalyptus_tricarpa_8701791,eucalyptus tricarpa,eucalyptus_tricarpa,eucalyptus_tricarpa
Eucalyptus_triflora_ANBG_763500,eucalyptus triflora,eucalyptus_triflora,eucalyptus_triflora
Eucalyptus_trivalvis_AHT_E5,eucalyptus trivalvis,eucalyptus_trivalvis,eucalyptus_trivalvis
Eucalyptus_tumida_CANB_794343,eucalyptus tumida,eucalyptus_tumida,eucalyptus_tumida
Eucalyptus_ultima_697,eucalyptus ultima,eucalyptus_ultima,eucalyptus_ultima
Eucalyptus_umbra_ANBG_60074,eucalyptus umbra,eucalyptus_umbra,eucalyptus_umbra
Eucalyptus_uncinata_subsp_uncinata_91,eucalyptus uncinata subsp. uncinata,eucalyptus_uncinata_subsp._uncinata,eucalyptus_uncinata_subsp_uncinata
Eucalyptus_urna_270,eucalyptus urna,eucalyptus_urna,eucalyptus_urna
Eucalyptus_urophylla_CANB_180346,eucalyptus urophylla,eucalyptus_urophylla,eucalyptus_urophylla
Eucalyptus_utilis_62,eucalyptus utilis,eucalyptus_utilis,eucalyptus_utilis
Eucalyptus_valens_478,eucalyptus valens,eucalyptus_valens,eucalyptus_valens
Eucalyptus_vegrandis_subsp_vegrandis_435,eucalyptus vegrandis subsp. vegrandis,eucalyptus_vegrandis_subsp._vegrandis,eucalyptus_vegrandis_subsp_vegrandis
Eucalyptus_vernicosa_ANBG_no_sn,eucalyptus vernicosa,eucalyptus_vernicosa,eucalyptus_vernicosa
Eucalyptus_verrucata_715,eucalyptus verrucata,eucalyptus_verrucata,eucalyptus_verrucata
Eucalyptus_vesiculosa_87,eucalyptus vesiculosa,eucalyptus_vesiculosa,eucalyptus_vesiculosa
Eucalyptus_vicina,eucalyptus vicina,eucalyptus_vicina,eucalyptus_vicina
Eucalyptus_victoriana_712,eucalyptus victoriana,eucalyptus_victoriana,eucalyptus_victoriana
Eucalyptus_victrix_327,eucalyptus victrix,eucalyptus_victrix,eucalyptus_victrix
Eucalyptus_viminalis_subsp_viminalis_615,eucalyptus viminalis subsp. viminalis,eucalyptus_viminalis_subsp._viminalis,eucalyptus_viminalis_subsp_viminalis
Eucalyptus_virens_598,eucalyptus virens,eucalyptus_virens,eucalyptus_virens
Eucalyptus_viridis_767,eucalyptus viridis,eucalyptus_viridis,eucalyptus_viridis
Eucalyptus_vittata_43,eucalyptus vittata,eucalyptus_vittata,eucalyptus_vittata
Eucalyptus_vokesensis_453,eucalyptus vokesensis,eucalyptus_vokesensis,eucalyptus_vokesensis
Eucalyptus_wandoo_subsp_wandoo_21,eucalyptus wandoo subsp. wandoo,eucalyptus_wandoo_subsp._wandoo,eucalyptus_wandoo_subsp_wandoo
Eucalyptus_websteriana_subsp_websteriana_AHT_E3,eucalyptus websteriana subsp. websteriana,eucalyptus_websteriana_subsp._websteriana,eucalyptus_websteriana_subsp_websteriana
Eucalyptus_wetarensis,eucalyptus wetarensis,eucalyptus_wetarensis,eucalyptus_wetarensis
Eucalyptus_whitei_513,eucalyptus whitei,eucalyptus_whitei,eucalyptus_whitei
Eucalyptus_wilcoxii_168,eucalyptus wilcoxii,eucalyptus_wilcoxii,eucalyptus_wilcoxii
Eucalyptus_williamsiana_261,eucalyptus williamsiana,eucalyptus_williamsiana,eucalyptus_williamsiana
Eucalyptus_willisii_subsp_willisii_CANB_468525,eucalyptus willisii subsp. willisii,eucalyptus_willisii_subsp._willisii,eucalyptus_willisii_subsp_willisii
Eucalyptus_woodwardii_MC_10742,eucalyptus woodwardii,eucalyptus_woodwardii,eucalyptus_woodwardii
Eucalyptus_wubinensis_50,eucalyptus wubinensis,eucalyptus_wubinensis,eucalyptus_wubinensis
Eucalyptus_wyolensis_699,eucalyptus wyolensis,eucalyptus_wyolensis,eucalyptus_wyolensis
Eucalyptus_xanthonema_subsp_xanthonema_CANB_794264,eucalyptus xanthonema subsp. xanthonema,eucalyptus_xanthonema_subsp._xanthonema,eucalyptus_xanthonema_subsp_xanthonema
Eucalyptus_xerothermica_183,eucalyptus xerothermica,eucalyptus_xerothermica,eucalyptus_xerothermica
Eucalyptus_yalatensis_460,eucalyptus yalatensis,eucalyptus_yalatensis,eucalyptus_yalatensis
Eucalyptus_yangoura_AHT_E16,eucalyptus yangoura,eucalyptus_yangoura,eucalyptus_yangoura
Eucalyptus_yarraensis_8005851,eucalyptus yarraensis,eucalyptus_yarraensis,eucalyptus_yarraensis
Eucalyptus_yilgarnensis_AHT_E14,eucalyptus yilgarnensis,eucalyptus_yilgarnensis,eucalyptus_yilgarnensis
Eucalyptus_youmanii_73091,eucalyptus youmanii,eucalyptus_youmanii,eucalyptus_youmanii
Eucalyptus_youngiana_198,eucalyptus youngiana,eucalyptus_youngiana,eucalyptus_youngiana
Eucalyptus_yumbarrana_262,eucalyptus yumbarrana,eucalyptus_yumbarrana,eucalyptus_yumbarrana
Eucalyptus_zopherophloia_AHT_E12,eucalyptus zopherophloia,eucalyptus_zopherophloia,eucalyptus_zopherophloia
Hypocalymma_linifolium,hypocalymma linifolium,hypocalymma_linifolium,hypocalymma_linifolium
Kunzea_ericoides,kunzea ericoides,kunzea_ericoides,kunzea_ericoides
Lophostemon_suaveolens_CANB_750277,lophostemon suaveolens,lophostemon_suaveolens,lophostemon_suaveolens
Myrtus_communis,myrtus communis,myrtus_communis,myrtus_communis
Stockwellia_quadrifida,stockwellia quadrifida,stockwellia_quadrifida,stockwellia_quadrifida
Syncarpia_glomulifera_Jervis_Bay,syncarpia glomulifera,syncarpia_glomulifera,syncarpia_glomulifera
Syncarpia_hillii_612122,syncarpia hillii,syncarpia_hillii,syncarpia_hillii
Syzygium_angophoroides,syzygium angophoroides,syzygium_angophoroides,syzygium_angophoroides
Tepualia_stipularis,tepualia stipularis,tepualia_stipularis,tepualia_stipularis
