label,name
Acmena_smithii,acmena_smithii
Agonis_flexuosa,agonis_flexuosa
Allosyncarpia_ternata_CANB_760015,allosyncarpia_ternata
Amomyrtus_luma,amomyrtus_luma
Angophora_bakeri_subsp_bakeri_LAN103,angophora_bakeri_subsp_bakeri
Angophora_costata_subsp_costata_LAN043,angophora_costata_subsp_costata
Angophora_exul_573034,angophora_exul
Angophora_floribunda_LAN107,angophora_floribunda
Angophora_hispida_LAN009,angophora_hispida
Angophora_inopina_LAN025,angophora_inopina
Angophora_melanoxylon_509,angophora_melanoxylon
Angophora_robur_LAN056,angophora_robur
Angophora_subvelutina_LAN059,angophora_subvelutina
Angophora_woodsiana_LAN058,angophora_woodsiana
Arillastrum_gummiferum,arillastrum_gummiferum
Cloezia_floribunda,cloezia_floribunda
Corymbia_abbreviata_CANB_459002,corymbia_abbreviata
Corymbia_abergiana_633,corymbia_abergiana
Corymbia_aparrerinja_MC_10615,corymbia_aparrerinja
Corymbia_arafurica_CANB_557707,corymbia_arafurica
Corymbia_arenaria_MC_10558,corymbia_arenaria
Corymbia_aspera_CANB_785505,corymbia_aspera
Corymbia_aureola_CANB_582839,corymbia_aureola
Corymbia_bella_MC_10518,corymbia_bella
Corymbia_blakei_CANB_582767,corymbia_blakei
Corymbia_bleeseri_MC_10516,corymbia_bleeseri
Corymbia_bloxsomei_238,corymbia_bloxsomei
Corymbia_brachycarpa_Mt_Annan_891988,corymbia_brachycarpa
Corymbia_bunites_229,corymbia_bunites
Corymbia_cadophora_subsp_cadophora_MC_10577,corymbia_cadophora_subsp_cadophora
Corymbia_calophylla_377,corymbia_calophylla
Corymbia_candida_subsp_dispodes_454,corymbia_candida_subsp_dispodes
Corymbia_catenaria_240,corymbia_catenaria
Corymbia_chippendalei_CANB_513580,corymbia_chippendalei
Corymbia_citriodora_231,corymbia_citriodora
Corymbia_clarksoniana_ANBG_643951,corymbia_clarksoniana
Corymbia_collina_MC_10588,corymbia_collina
Corymbia_confertiflora_CANB_785485,corymbia_confertiflora
Corymbia_dallachiana_CANB_697829,corymbia_dallachiana
Corymbia_dampieri,corymbia_dampieri
Corymbia_dendromerinx_CANB_644448,corymbia_dendromerinx
Corymbia_deserticola_subsp_deserticola_MC_11111,corymbia_deserticola_subsp_deserticola
Corymbia_dichromophloia_MC_10528,corymbia_dichromophloia
Corymbia_dimorpha,corymbia_dimorpha
Corymbia_dolichocarpa,corymbia_dolichocarpa
Corymbia_dunlopiana_CANB_640209,corymbia_dunlopiana
Corymbia_ellipsoidea_Mt_Annan_904974,corymbia_ellipsoidea
Corymbia_eremaea_subsp_eremaea_280,corymbia_eremaea_subsp_eremaea
Corymbia_erythrophloia_Mt_Annan_891984,corymbia_erythrophloia
Corymbia_eximia_ANBG_62889,corymbia_eximia
Corymbia_ferriticola_MC_11117,corymbia_ferriticola
Corymbia_ferruginea_subsp_ferruginea_MC_10538,corymbia_ferruginea_subsp_ferruginea
Corymbia_ficifolia_ANBG_c208,corymbia_ficifolia
Corymbia_flavescens_MC_10596,corymbia_flavescens
Corymbia_foelscheana_MC_10508,corymbia_foelscheana
Corymbia_gilbertensis_CANB_739029,corymbia_gilbertensis
Corymbia_grandifolia_CANB_739034,corymbia_grandifolia
Corymbia_greeniana_MC_10557,corymbia_greeniana
Corymbia_gummifera_680,corymbia_gummifera
Corymbia_haematoxylon_380,corymbia_haematoxylon
Corymbia_hamersleyana_MC_11116,corymbia_hamersleyana
Corymbia_hendersonii_252,corymbia_hendersonii
Corymbia_henryi_ANBG_8910948,corymbia_henryi
Corymbia_hylandii_CANB_738922,corymbia_hylandii
Corymbia_intermedia_230,corymbia_intermedia
Corymbia_jacobsiana_CANB_558528,corymbia_jacobsiana
Corymbia_lamprophylla_Mt_Annan_842093,corymbia_lamprophylla
Corymbia_latifolia_CANB_785515,corymbia_latifolia
Corymbia_leichhardtii_Mt_Annan_891967,corymbia_leichhardtii
Corymbia_lenziana_CANB_794064,corymbia_lenziana
Corymbia_leptoloma_694,corymbia_leptoloma
Corymbia_ligans_subsp_ligans,corymbia_ligans_subsp_ligans
Corymbia_maculata_ANBG_7800470,corymbia_maculata
Corymbia_nesophila_MC_10553,corymbia_nesophila
Corymbia_novaguineesis_CANB_738912,corymbia_novaguineesis
Corymbia_opaca,corymbia_opaca
Corymbia_opacula,corymbia_opacula
Corymbia_pachycarpa_CANB_785564,corymbia_pachycarpa
Corymbia_papillosa_CANB_564789,corymbia_papillosa
Corymbia_papuana_CANB_583122,corymbia_papuana
Corymbia_pauciseta_CANB_448845,corymbia_pauciseta
Corymbia_peltata_493,corymbia_peltata
Corymbia_petalophylla_Mt_Annan_892019,corymbia_petalophylla
Corymbia_plena_CANB_660150,corymbia_plena
Corymbia_polycarpa_CANB_785478,corymbia_polycarpa
Corymbia_polysciada_CANB_785479,corymbia_polysciada
Corymbia_porphyritica,corymbia_porphyritica
Corymbia_porrecta_CANB_628340,corymbia_porrecta
Corymbia_ptychocarpa_subsp_ptychocarpa_MC_10536,corymbia_ptychocarpa_subsp_ptychocarpa
Corymbia_rhodops_CANB_598277,corymbia_rhodops
Corymbia_scabrida_Mt_Annan_891868,corymbia_scabrida
Corymbia_stockeri_subsp_stockeri_CANB_739042,corymbia_stockeri_subsp_stockeri
Corymbia_terminalis_MC_10579,corymbia_terminalis
Corymbia_tessellaris_324,corymbia_tessellaris
Corymbia_torelliana_Mt_Annan_981102,corymbia_torelliana
Corymbia_torta_CANB_644409,corymbia_torta
Corymbia_trachyphloia_ANBG_60750,corymbia_trachyphloia
Corymbia_variegata,corymbia_variegata
Corymbia_watsoniana_subsp_watsoniana_ANBG_68771,corymbia_watsoniana_subsp_watsoniana
Corymbia_xanthope,corymbia_xanthope
Corymbia_zygophylla_MC_10581,corymbia_zygophylla
Decaspermum_humile,decaspermum_humile
Eucalyptopsis_alauda_CANB_704249,eucalyptopsis_alauda
Eucalyptopsis_papuana,eucalyptopsis_papuana
Eucalyptus_abdita_CANB_687864,eucalyptus_abdita
Eucalyptus_absita_354,eucalyptus_absita
Eucalyptus_acaciiformis_214,eucalyptus_acaciiformis
Eucalyptus_accedens_346,eucalyptus_accedens
Eucalyptus_acies_CANB_610687,eucalyptus_acies
Eucalyptus_acmenoides_624,eucalyptus_acmenoides
Eucalyptus_acroleuca_CANB_593424,eucalyptus_acroleuca
Eucalyptus_aequioperta_23,eucalyptus_aequioperta
Eucalyptus_agglomerata_673,eucalyptus_agglomerata
Eucalyptus_aggregata_580,eucalyptus_aggregata
Eucalyptus_alaticaulis_371,eucalyptus_alaticaulis
Eucalyptus_alba,eucalyptus_alba
Eucalyptus_albens_661,eucalyptus_albens
Eucalyptus_albida_46,eucalyptus_albida
Eucalyptus_albopurpurea_3,eucalyptus_albopurpurea
Eucalyptus_alipes_53,eucalyptus_alipes
Eucalyptus_alligatrix_subsp_alligatrix_167,eucalyptus_alligatrix_subsp_alligatrix
Eucalyptus_amplifolia_subsp_amplifolia_225,eucalyptus_amplifolia_subsp_amplifolia
Eucalyptus_amygdalina_CANB_481986,eucalyptus_amygdalina
Eucalyptus_ancophila_Mt_Annan_841467,eucalyptus_ancophila
Eucalyptus_andrewsii_subsp_andrewsii_8410679,eucalyptus_andrewsii_subsp_andrewsii
Eucalyptus_angophoroides_158,eucalyptus_angophoroides
Eucalyptus_angulosa_383,eucalyptus_angulosa
Eucalyptus_angustissima_CANB_794337,eucalyptus_angustissima
Eucalyptus_annulata_CANB_794263,eucalyptus_annulata
Eucalyptus_apiculata_613,eucalyptus_apiculata
Eucalyptus_apodophylla_subsp_provecta_CANB_7855329,eucalyptus_apodophylla_subsp_provecta
Eucalyptus_apothalassica_721925,eucalyptus_apothalassica
Eucalyptus_approximans_subsp_codonocarpa_69702,eucalyptus_approximans_subsp_codonocarpa
Eucalyptus_aquilina_CANB_459757,eucalyptus_aquilina
Eucalyptus_arachnae_518,eucalyptus_arachnae
Eucalyptus_arborella_361,eucalyptus_arborella
Eucalyptus_arenacea_MC_10652,eucalyptus_arenacea
Eucalyptus_argillacea_CANB_785537,eucalyptus_argillacea
Eucalyptus_argophloia_773,eucalyptus_argophloia
Eucalyptus_argutifolia_AHT_E17,eucalyptus_argutifolia
Eucalyptus_argyphea_59,eucalyptus_argyphea
Eucalyptus_aromaphloia_subsp_aromaphloia_CANB_564611,eucalyptus_aromaphloia_subsp_aromaphloia
Eucalyptus_articulata_186,eucalyptus_articulata
Eucalyptus_aspersa_297,eucalyptus_aspersa
Eucalyptus_aspratilis_AHT_E18,eucalyptus_aspratilis
Eucalyptus_assimilans_269,eucalyptus_assimilans
Eucalyptus_astringens_subsp_astringens_68,eucalyptus_astringens_subsp_astringens
Eucalyptus_atrata_8603434,eucalyptus_atrata
Eucalyptus_badjensis_166,eucalyptus_badjensis
Eucalyptus_baeuerlenii_7810671,eucalyptus_baeuerlenii
Eucalyptus_baileyana_Mt_Annan_892003,eucalyptus_baileyana
Eucalyptus_bakeri_567,eucalyptus_bakeri
Eucalyptus_balanites_CANB_687715,eucalyptus_balanites
Eucalyptus_balanopelex_AHT_E22,eucalyptus_balanopelex
Eucalyptus_balladoniensis_subsp_balladoniensis_CANB_586833,eucalyptus_balladoniensis_subsp_balladoniensis
Eucalyptus_barberi_600,eucalyptus_barberi
Eucalyptus_baueriana_160,eucalyptus_baueriana
Eucalyptus_baxteri_8701806,eucalyptus_baxteri
Eucalyptus_beaniana_CANB_842071,eucalyptus_beaniana
Eucalyptus_beardiana_CANB_632554,eucalyptus_beardiana
Eucalyptus_behriana_646,eucalyptus_behriana
Eucalyptus_bensonii_Mt_Annan_830911,eucalyptus_bensonii
Eucalyptus_benthamii_423,eucalyptus_benthamii
Eucalyptus_beyeriana_163,eucalyptus_beyeriana
Eucalyptus_blakelyi_211,eucalyptus_blakelyi
Eucalyptus_blaxellii_MC_11172,eucalyptus_blaxellii
Eucalyptus_blaxlandii_8001329,eucalyptus_blaxlandii
Eucalyptus_boliviana_518876,eucalyptus_boliviana
Eucalyptus_bosistoana_671,eucalyptus_bosistoana
Eucalyptus_botryoides_304,eucalyptus_botryoides
Eucalyptus_brachyandra_MC_10534,eucalyptus_brachyandra
Eucalyptus_brachycalyx_508,eucalyptus_brachycalyx
Eucalyptus_brachycorys_266,eucalyptus_brachycorys
Eucalyptus_brachyphylla_9807043,eucalyptus_brachyphylla
Eucalyptus_brassiana_CANB_598285,eucalyptus_brassiana
Eucalyptus_brevifolia_CANB_785488,eucalyptus_brevifolia
Eucalyptus_brevipes_CANB_692658,eucalyptus_brevipes
Eucalyptus_brevistylis_393,eucalyptus_brevistylis
Eucalyptus_bridgesiana_257,eucalyptus_bridgesiana
Eucalyptus_brockwayi_474,eucalyptus_brockwayi
Eucalyptus_brookeriana_subsp_brookeriana_617,eucalyptus_brookeriana_subsp_brookeriana
Eucalyptus_brunnea_619,eucalyptus_brunnea
Eucalyptus_buprestium_CANB_632568,eucalyptus_buprestium
Eucalyptus_burdettiana_510,eucalyptus_burdettiana
Eucalyptus_burgessiana_ANBG_no_sn,eucalyptus_burgessiana
Eucalyptus_burracoppinensis_CANB_794037,eucalyptus_burracoppinensis
Eucalyptus_cadens_285,eucalyptus_cadens
Eucalyptus_caesia_subsp_caesia_52,eucalyptus_caesia_subsp_caesia
Eucalyptus_calcareana_455,eucalyptus_calcareana
Eucalyptus_calcicola_subsp_calcicola_176,eucalyptus_calcicola_subsp_calcicola
Eucalyptus_caleyi_subsp_caleyi_651,eucalyptus_caleyi_subsp_caleyi
Eucalyptus_caliginosa_298,eucalyptus_caliginosa
Eucalyptus_calycogona_subsp_calycogona_362,eucalyptus_calycogona_subsp_calycogona
Eucalyptus_camaldulensis_subsp_camaldulensis_ANBG_8401853,eucalyptus_camaldulensis_subsp_camaldulensis
Eucalyptus_campaspe_522,eucalyptus_campaspe
Eucalyptus_camphora_subsp_camphora_621,eucalyptus_camphora_subsp_camphora
Eucalyptus_canaliculata_698,eucalyptus_canaliculata
Eucalyptus_canescens_subsp_canescens_181,eucalyptus_canescens_subsp_canescens
Eucalyptus_canobolensis_497,eucalyptus_canobolensis
Eucalyptus_capillosa_469,eucalyptus_capillosa
Eucalyptus_capitellata_260,eucalyptus_capitellata
Eucalyptus_captiosa_CANB_799340,eucalyptus_captiosa
Eucalyptus_carnabyi_CANB_632591,eucalyptus_carnabyi
Eucalyptus_carnea_718,eucalyptus_carnea
Eucalyptus_carnei_757,eucalyptus_carnei
Eucalyptus_castrensis_ANBG_653995,eucalyptus_castrensis
Eucalyptus_celastroides_subsp_celastroides_196,eucalyptus_celastroides_subsp_celastroides
Eucalyptus_cephalocarpa_178,eucalyptus_cephalocarpa
Eucalyptus_ceracea_CANB_551306,eucalyptus_ceracea
Eucalyptus_cerasiformis_CANB_586828,eucalyptus_cerasiformis
Eucalyptus_ceratocorys_519,eucalyptus_ceratocorys
Eucalyptus_cernua_436,eucalyptus_cernua
Eucalyptus_chartaboma_CANB_703248,eucalyptus_chartaboma
Eucalyptus_chlorophylla_CANB_785565,eucalyptus_chlorophylla
Eucalyptus_cinerea_subsp_triplex_8703938,eucalyptus_cinerea_subsp_triplex
Eucalyptus_cladocalyx_ANBG_652722,eucalyptus_cladocalyx
Eucalyptus_clelandii_581,eucalyptus_clelandii
Eucalyptus_clivicola_66,eucalyptus_clivicola
Eucalyptus_cloeziana_241,eucalyptus_cloeziana
Eucalyptus_cneorifolia_195,eucalyptus_cneorifolia
Eucalyptus_comitae_vallis_465,eucalyptus_comitae
Eucalyptus_communalis_502,eucalyptus_communalis
Eucalyptus_concinna_457,eucalyptus_concinna
Eucalyptus_conferruminata_subsp_recherche_114,eucalyptus_conferruminata_subsp_recherche
Eucalyptus_confluens_CANB_785543,eucalyptus_confluens
Eucalyptus_conglobata_subsp_conglobata_5,eucalyptus_conglobata_subsp_conglobata
Eucalyptus_conglomerata,eucalyptus_conglomerata
Eucalyptus_conica_AHT_E9,eucalyptus_conica
Eucalyptus_consideniana_219,eucalyptus_consideniana
Eucalyptus_conspicua_113,eucalyptus_conspicua
Eucalyptus_conveniens_48,eucalyptus_conveniens
Eucalyptus_coolabah_MC_10582,eucalyptus_coolabah
Eucalyptus_cooperiana_293,eucalyptus_cooperiana
Eucalyptus_cordata_ANBG_8804430,eucalyptus_cordata
Eucalyptus_cornuta_65,eucalyptus_cornuta
Eucalyptus_coronata_658,eucalyptus_coronata
Eucalyptus_corrugata_7,eucalyptus_corrugata
Eucalyptus_corticosa_ANBG_54339,eucalyptus_corticosa
Eucalyptus_cosmophylla_ANBG_8409259,eucalyptus_cosmophylla
Eucalyptus_crebra_ANBG_732903,eucalyptus_crebra
Eucalyptus_crenulata_307,eucalyptus_crenulata
Eucalyptus_creta_29,eucalyptus_creta
Eucalyptus_cretata_271,eucalyptus_cretata
Eucalyptus_croajingolensis_156,eucalyptus_croajingolensis
Eucalyptus_crucis_subsp_crucis_45,eucalyptus_crucis_subsp_crucis
Eucalyptus_cunninghamii_9806132,eucalyptus_cunninghamii
Eucalyptus_cuprea_437,eucalyptus_cuprea
Eucalyptus_cupularis_CANB_785563,eucalyptus_cupularis
Eucalyptus_curtisii_632,eucalyptus_curtisii
Eucalyptus_cuspidata_6,eucalyptus_cuspidata
Eucalyptus_cyanophylla_338,eucalyptus_cyanophylla
Eucalyptus_cyclostoma_9903101,eucalyptus_cyclostoma
Eucalyptus_cylindriflora_CANB_794327,eucalyptus_cylindriflora
Eucalyptus_cylindrocarpa_AHT_E8,eucalyptus_cylindrocarpa
Eucalyptus_cypellocarpa_665,eucalyptus_cypellocarpa
Eucalyptus_dalrympleana_subsp_dalrympleana_ANBG_7804378,eucalyptus_dalrympleana_subsp_dalrympleana
Eucalyptus_dawsonii_762,eucalyptus_dawsonii
Eucalyptus_dealbata_212,eucalyptus_dealbata
Eucalyptus_deanei_623,eucalyptus_deanei
Eucalyptus_decipiens_subsp_decipens_72,eucalyptus_decipiens_subsp_decipens
Eucalyptus_decolor_486,eucalyptus_decolor
Eucalyptus_decorticans_73445,eucalyptus_decorticans
Eucalyptus_decurva_MC_10965,eucalyptus_decurva
Eucalyptus_deflexa_364,eucalyptus_deflexa
Eucalyptus_deglupta_BG_859,eucalyptus_deglupta
Eucalyptus_delegatensis_subsp_delegatensis_CANB_499445,eucalyptus_delegatensis_subsp_delegatensis
Eucalyptus_delicata_514,eucalyptus_delicata
Eucalyptus_densa_subsp_densa_363,eucalyptus_densa_subsp_densa
Eucalyptus_denticulata_378,eucalyptus_denticulata
Eucalyptus_depauperata_CANB_794299,eucalyptus_depauperata
Eucalyptus_desmondensis_515,eucalyptus_desmondensis
Eucalyptus_deuaensis_151,eucalyptus_deuaensis
Eucalyptus_dielsii_74,eucalyptus_dielsii
Eucalyptus_diminuta_438,eucalyptus_diminuta
Eucalyptus_diptera_535,eucalyptus_diptera
Eucalyptus_disclusa_232,eucalyptus_disclusa
Eucalyptus_discreta_333,eucalyptus_discreta
Eucalyptus_dissimulata_89,eucalyptus_dissimulata
Eucalyptus_distans_CANB_409167,eucalyptus_distans
Eucalyptus_distuberosa_subsp_aerata_10,eucalyptus_distuberosa_subsp_aerata
Eucalyptus_diversicolor_ANBG_7901541,eucalyptus_diversicolor
Eucalyptus_diversifolia_subsp_diversifolia_390,eucalyptus_diversifolia_subsp_diversifolia
Eucalyptus_dives_ANBG_7809979,eucalyptus_dives
Eucalyptus_dolichocera_710,eucalyptus_dolichocera
Eucalyptus_dolichorhyncha_192,eucalyptus_dolichorhyncha
Eucalyptus_dolorosa_610751,eucalyptus_dolorosa
Eucalyptus_dorotoxylon_719,eucalyptus_dorotoxylon
Eucalyptus_drummondii_subsp_drummondii_352,eucalyptus_drummondii_subsp_drummondii
Eucalyptus_dumosa_329,eucalyptus_dumosa
Eucalyptus_dundasii_528,eucalyptus_dundasii
Eucalyptus_dunnii_691,eucalyptus_dunnii
Eucalyptus_dura_775,eucalyptus_dura
Eucalyptus_dwyeri_9406593,eucalyptus_dwyeri
Eucalyptus_ebbanoensis_subsp_ebbanoensis_ANBG_9806509,eucalyptus_ebbanoensis_subsp_ebbanoensis
Eucalyptus_educta_CANB_461013,eucalyptus_educta
Eucalyptus_effusa_subsp_effusa_39,eucalyptus_effusa_subsp_effusa
Eucalyptus_elaeophloia_372,eucalyptus_elaeophloia
Eucalyptus_elata_ANBG_73059,eucalyptus_elata
Eucalyptus_elliptica_69616,eucalyptus_elliptica
Eucalyptus_erectifolia_CANB_794270,eucalyptus_erectifolia
Eucalyptus_eremicola_subsp_eremicola_542,eucalyptus_eremicola_subsp_eremicola
Eucalyptus_eremophila_CANB_794301,eucalyptus_eremophila
Eucalyptus_erythrocorys,eucalyptus_erythrocorys
Eucalyptus_erythronema_subsp_erythronema_19,eucalyptus_erythronema_subsp_erythronema
Eucalyptus_eudesmioides_subsp_eudesmioides_MC_10780,eucalyptus_eudesmioides_subsp_eudesmioides
Eucalyptus_eugenioides_578,eucalyptus_eugenioides
Eucalyptus_ewartiana_463,eucalyptus_ewartiana
Eucalyptus_exigua_55,eucalyptus_exigua
Eucalyptus_exilipes_CANB_582959,eucalyptus_exilipes
Eucalyptus_exilis_ANBG_8004906,eucalyptus_exilis
Eucalyptus_extensa_33,eucalyptus_extensa
Eucalyptus_extrica_CANB_632680,eucalyptus_extrica
Eucalyptus_falcata_CANB_630597,eucalyptus_falcata
Eucalyptus_famelica_AHT_E23,eucalyptus_famelica
Eucalyptus_farinosa_CANB_738929,eucalyptus_farinosa
Eucalyptus_fasciculosa_289,eucalyptus_fasciculosa
Eucalyptus_fastigata_8603812,eucalyptus_fastigata
Eucalyptus_fergusonii_subsp_fergusonii_740,eucalyptus_fergusonii_subsp_fergusonii
Eucalyptus_fibrosa_subsp_fibrosa_631932,eucalyptus_fibrosa_subsp_fibrosa
Eucalyptus_flindersii_AHT_E6,eucalyptus_flindersii
Eucalyptus_flocktoniae_subsp_flocktoniae_288,eucalyptus_flocktoniae_subsp_flocktoniae
Eucalyptus_foecunda_320,eucalyptus_foecunda
Eucalyptus_foliosa_CANB_794339,eucalyptus_foliosa
Eucalyptus_formanii_AHT_E26,eucalyptus_formanii
Eucalyptus_forrestiana_MC_11265,eucalyptus_forrestiana
Eucalyptus_fraseri_subsp_fraseri_36,eucalyptus_fraseri_subsp_fraseri
Eucalyptus_fraxinoides_751650,eucalyptus_fraxinoides
Eucalyptus_frenchiana_11,eucalyptus_frenchiana
Eucalyptus_froggattii_479,eucalyptus_froggattii
Eucalyptus_fruticosa_30,eucalyptus_fruticosa
Eucalyptus_fulgens_9707943,eucalyptus_fulgens
Eucalyptus_fusiformis_8604718,eucalyptus_fusiformis
Eucalyptus_gamophylla_MC_10612,eucalyptus_gamophylla
Eucalyptus_gardneri_subsp_gardneri_593,eucalyptus_gardneri_subsp_gardneri
Eucalyptus_georgei_subsp_georgei_323,eucalyptus_georgei_subsp_georgei
Eucalyptus_gigantangion_CANB_454615,eucalyptus_gigantangion
Eucalyptus_gillenii_720,eucalyptus_gillenii
Eucalyptus_gillii_459,eucalyptus_gillii
Eucalyptus_gittinsii_subsp_gittinsii_MC_10801,eucalyptus_gittinsii_subsp_gittinsii
Eucalyptus_glaucescens_218,eucalyptus_glaucescens
Eucalyptus_glaucina_626,eucalyptus_glaucina
Eucalyptus_globoidea_729,eucalyptus_globoidea
Eucalyptus_globulus_subsp_globulus_ANBG_85001816,eucalyptus_globulus_subsp_globulus
Eucalyptus_glomerosa_538,eucalyptus_glomerosa
Eucalyptus_gomphocephala_357,eucalyptus_gomphocephala
Eucalyptus_gongylocarpa_MC_11097,eucalyptus_gongylocarpa
Eucalyptus_goniantha_subsp_goniantha_286,eucalyptus_goniantha_subsp_goniantha
Eucalyptus_goniocalyx_subsp_goniocalyx_669,eucalyptus_goniocalyx_subsp_goniocalyx
Eucalyptus_goniocarpa_536,eucalyptus_goniocarpa
Eucalyptus_gracilis_202,eucalyptus_gracilis
Eucalyptus_grandis,eucalyptus_grandis
Eucalyptus_granitica_Mt_Annan_831413,eucalyptus_granitica
Eucalyptus_gregoriensis_503,eucalyptus_gregoriensis
Eucalyptus_gregsoniana_157,eucalyptus_gregsoniana
Eucalyptus_griffithsii_15,eucalyptus_griffithsii
Eucalyptus_grisea_690,eucalyptus_grisea
Eucalyptus_grossa_CANB_794307,eucalyptus_grossa
Eucalyptus_guilfoylei_MC_10953,eucalyptus_guilfoylei
Eucalyptus_gunnii_ANBG_656505,eucalyptus_gunnii
Eucalyptus_gypsophila_543,eucalyptus_gypsophila
Eucalyptus_haemastoma_Mt_Annan_20051000,eucalyptus_haemastoma
Eucalyptus_hallii,eucalyptus_hallii
Eucalyptus_halophila_CANB_794338,eucalyptus_halophila
Eucalyptus_hebetifolia_467228,eucalyptus_hebetifolia
Eucalyptus_herbertiana_CANB_785524,eucalyptus_herbertiana
Eucalyptus_histophylla_12,eucalyptus_histophylla
Eucalyptus_horistes_353,eucalyptus_horistes
Eucalyptus_houseana_MC_10570,eucalyptus_houseana
Eucalyptus_howittiana_496,eucalyptus_howittiana
Eucalyptus_hypolaena_525,eucalyptus_hypolaena
Eucalyptus_ignorabilis_379,eucalyptus_ignorabilis
Eucalyptus_imlayensis_ANBG_782689,eucalyptus_imlayensis
Eucalyptus_impensa_643,eucalyptus_impensa
Eucalyptus_incerata_728,eucalyptus_incerata
Eucalyptus_incrassata_283,eucalyptus_incrassata
Eucalyptus_indurata_81,eucalyptus_indurata
Eucalyptus_infera_570,eucalyptus_infera
Eucalyptus_insularis_275,eucalyptus_insularis
Eucalyptus_interstans_256,eucalyptus_interstans
Eucalyptus_intertexta_204,eucalyptus_intertexta
Eucalyptus_jacksonii_MC_10952,eucalyptus_jacksonii
Eucalyptus_jimberlanica_16,eucalyptus_jimberlanica
Eucalyptus_johnsoniana_CANB_794214,eucalyptus_johnsoniana
Eucalyptus_jucunda_MC_10796,eucalyptus_jucunda
Eucalyptus_jutsonii_subsp_jutsonii_187,eucalyptus_jutsonii_subsp_jutsonii
Eucalyptus_kartzoffiana_152,eucalyptus_kartzoffiana
Eucalyptus_kessellii_subsp_kessellii_343,eucalyptus_kessellii_subsp_kessellii
Eucalyptus_kingsmillii_subsp_kingsmillii_Mt_Annan_866008,eucalyptus_kingsmillii_subsp_kingsmillii
Eucalyptus_kitsoniana_110,eucalyptus_kitsoniana
Eucalyptus_kochii_subsp_kochii_657,eucalyptus_kochii_subsp_kochii
Eucalyptus_kondininensis_85,eucalyptus_kondininensis
Eucalyptus_koolpinensis_CANB_454611,eucalyptus_koolpinensis
Eucalyptus_kruseana_129,eucalyptus_kruseana
Eucalyptus_kumarlensis_587,eucalyptus_kumarlensis
Eucalyptus_kybeanensis_AHT_E19,eucalyptus_kybeanensis
Eucalyptus_lacrimans_251,eucalyptus_lacrimans
Eucalyptus_laeliae_337,eucalyptus_laeliae
Eucalyptus_laevopinea_245,eucalyptus_laevopinea
Eucalyptus_lanepoolei_434,eucalyptus_lanepoolei
Eucalyptus_langleyi_8801319,eucalyptus_langleyi
Eucalyptus_lansdowneana_652,eucalyptus_lansdowneana
Eucalyptus_largeana_CANB_470581,eucalyptus_largeana
Eucalyptus_largiflorens_CANB_785604,eucalyptus_largiflorens
Eucalyptus_latens_292,eucalyptus_latens
Eucalyptus_lateritica_CANB_794197,eucalyptus_lateritica
Eucalyptus_latisinensis_247,eucalyptus_latisinensis
Eucalyptus_lehmanii_subsp_lehmanii_531,eucalyptus_lehmanii_subsp_lehmanii
Eucalyptus_leptocalyx_subsp_leptocalyx_73,eucalyptus_leptocalyx_subsp_leptocalyx
Eucalyptus_leptophleba_CANB_597951,eucalyptus_leptophleba
Eucalyptus_leptophylla_200,eucalyptus_leptophylla
Eucalyptus_leptopoda_subsp_leptopoda_CANB_519232,eucalyptus_leptopoda_subsp_leptopoda
Eucalyptus_lesouefii_38,eucalyptus_lesouefii
Eucalyptus_leucophloia_subsp_euroa_500,eucalyptus_leucophloia_subsp_euroa
Eucalyptus_leucoxylon_subsp_leucoxylon_716,eucalyptus_leucoxylon_subsp_leucoxylon
Eucalyptus_ligulata_subsp_ligulata_721,eucalyptus_ligulata_subsp_ligulata
Eucalyptus_ligustrina_736,eucalyptus_ligustrina
Eucalyptus_limitaris_CANB_785552,eucalyptus_limitaris
Eucalyptus_lirata_CANB_784082,eucalyptus_lirata
Eucalyptus_litorea_341,eucalyptus_litorea
Eucalyptus_livida_CANB_794326,eucalyptus_livida
Eucalyptus_lockyeri,eucalyptus_lockyeri
Eucalyptus_longicornis_491,eucalyptus_longicornis
Eucalyptus_longifolia,eucalyptus_longifolia
Eucalyptus_longirostrata_649,eucalyptus_longirostrata
Eucalyptus_loxophleba_subsp_loxophleba_ANBG_9205090,eucalyptus_loxophleba_subsp_loxophleba
Eucalyptus_lucasii_MC_11098,eucalyptus_lucasii
Eucalyptus_lucens_526,eucalyptus_lucens
Eucalyptus_luculenta_705,eucalyptus_luculenta
Eucalyptus_luehmanniana_8300316,eucalyptus_luehmanniana
Eucalyptus_macarthurii_ANBG_no_sn,eucalyptus_macarthurii
Eucalyptus_mackintii_308,eucalyptus_mackintii
Eucalyptus_macrandra_153,eucalyptus_macrandra
Eucalyptus_macrocarpa_subsp_macrocarpa_60,eucalyptus_macrocarpa_subsp_macrocarpa
Eucalyptus_macrorhyncha_subsp_macrorhyncha_761,eucalyptus_macrorhyncha_subsp_macrorhyncha
Eucalyptus_magnificata_672,eucalyptus_magnificata
Eucalyptus_major_602,eucalyptus_major
Eucalyptus_malacoxylon_576,eucalyptus_malacoxylon
Eucalyptus_mannensis_subsp_vespertina_321,eucalyptus_mannensis_subsp_vespertina
Eucalyptus_mannifera_subsp_mannifera_610,eucalyptus_mannifera_subsp_mannifera
Eucalyptus_marginata_subsp_marginata_MC_10941,eucalyptus_marginata_subsp_marginata
Eucalyptus_mckieana_248,eucalyptus_mckieana
Eucalyptus_mcquoidii_4,eucalyptus_mcquoidii
Eucalyptus_medialis_AHT_E20,eucalyptus_medialis
Eucalyptus_megacarpa_MC_11214,eucalyptus_megacarpa
Eucalyptus_megacornuta_84,eucalyptus_megacornuta
Eucalyptus_melanoleuca_605,eucalyptus_melanoleuca
Eucalyptus_melanophitra_582,eucalyptus_melanophitra
Eucalyptus_melanophloia_subsp_melanophloia_207,eucalyptus_melanophloia_subsp_melanophloia
Eucalyptus_melanoxylon_586,eucalyptus_melanoxylon
Eucalyptus_melliodora_ANBG_662272,eucalyptus_melliodora
Eucalyptus_merrickiae_CANB_794336,eucalyptus_merrickiae
Eucalyptus_michaeliana_258,eucalyptus_michaeliana
Eucalyptus_micranthera_334,eucalyptus_micranthera
Eucalyptus_microcarpa_475,eucalyptus_microcarpa
Eucalyptus_microcorys_ANBG_491154,eucalyptus_microcorys
Eucalyptus_microneura_8603418,eucalyptus_microneura
Eucalyptus_microschema_CANB_635056,eucalyptus_microschema
Eucalyptus_microtheca_MC_10519,eucalyptus_microtheca
Eucalyptus_mimica_subsp_mimica_534,eucalyptus_mimica_subsp_mimica
Eucalyptus_miniata_MC_10511,eucalyptus_miniata
Eucalyptus_minigwalica_184,eucalyptus_minigwalica
Eucalyptus_minniritchi_263,eucalyptus_minniritchi
Eucalyptus_misella_CANB_794329,eucalyptus_misella
Eucalyptus_mitchelliana_635,eucalyptus_mitchelliana
Eucalyptus_moderata_274,eucalyptus_moderata
Eucalyptus_moluccana_50761,eucalyptus_moluccana
Eucalyptus_mooreana_CANB_750218,eucalyptus_mooreana
Eucalyptus_moorei_subsp_moorei_9600762,eucalyptus_moorei_subsp_moorei
Eucalyptus_morrisbyi_618,eucalyptus_morrisbyi
Eucalyptus_morrisii_206,eucalyptus_morrisii
Eucalyptus_muelleriana_159,eucalyptus_muelleriana
Eucalyptus_multicaulis_761635,eucalyptus_multicaulis
Eucalyptus_myriadena_591,eucalyptus_myriadena
Eucalyptus_nanderwairca_9707924,eucalyptus_nanderwairca
Eucalyptus_neglecta_72027,eucalyptus_neglecta
Eucalyptus_nerthicola_34,eucalyptus_nerthicola
Eucalyptus_neutra_284,eucalyptus_neutra
Eucalyptus_newbeyi_501,eucalyptus_newbeyi
Eucalyptus_nicholii_209,eucalyptus_nicholii
Eucalyptus_nitens_ANBG_651034,eucalyptus_nitens
Eucalyptus_nitida_744,eucalyptus_nitida
Eucalyptus_nobilis_246,eucalyptus_nobilis
Eucalyptus_normantonensis_340,eucalyptus_normantonensis
Eucalyptus_nortonii_664,eucalyptus_nortonii
Eucalyptus_nova_anglica_244,eucalyptus_nova
Eucalyptus_nudicaulis_703,eucalyptus_nudicaulis
Eucalyptus_nutans_722,eucalyptus_nutans
Eucalyptus_obconica_CANB_644802,eucalyptus_obconica
Eucalyptus_obesa_70,eucalyptus_obesa
Eucalyptus_obliqua_Royal_Canberra_Golf_AHT21,eucalyptus_obliqua
Eucalyptus_oblonga_255,eucalyptus_oblonga
Eucalyptus_obtusiflora_MC_10760,eucalyptus_obtusiflora
Eucalyptus_occidentalis_430,eucalyptus_occidentalis
Eucalyptus_ochrophloia_CANB_785600,eucalyptus_ochrophloia
Eucalyptus_odontocarpa_MC_10608,eucalyptus_odontocarpa
Eucalyptus_oldfieldii_MC_10775,eucalyptus_oldfieldii
Eucalyptus_oleosa_subsp_oleosa_58,eucalyptus_oleosa_subsp_oleosa
Eucalyptus_olida_738,eucalyptus_olida
Eucalyptus_oligantha_MC_10571,eucalyptus_oligantha
Eucalyptus_olivina_44,eucalyptus_olivina
Eucalyptus_olsenii_762144,eucalyptus_olsenii
Eucalyptus_ophitica_607,eucalyptus_ophitica
Eucalyptus_optima_708,eucalyptus_optima
Eucalyptus_oraria_28,eucalyptus_oraria
Eucalyptus_orbifolia_472,eucalyptus_orbifolia
Eucalyptus_oreades_747,eucalyptus_oreades
Eucalyptus_orgadophila_AHT_E10,eucalyptus_orgadophila
Eucalyptus_ornata_583,eucalyptus_ornata
Eucalyptus_orthostemon_446,eucalyptus_orthostemon
Eucalyptus_ovata_var_ovata_ANBG_475702,eucalyptus_ovata
Eucalyptus_ovularis_355,eucalyptus_ovularis
Eucalyptus_oxymitra_278,eucalyptus_oxymitra
Eucalyptus_pachycalyx_subsp_pachycalyx_305,eucalyptus_pachycalyx_subsp_pachycalyx
Eucalyptus_pachyloma_426,eucalyptus_pachyloma
Eucalyptus_pachyphylla_ANBG_8503938,eucalyptus_pachyphylla
Eucalyptus_paedoglauca_625,eucalyptus_paedoglauca
Eucalyptus_paliformis_CANB_460597,eucalyptus_paliformis
Eucalyptus_paludicola_ANBG_496820,eucalyptus_paludicola
Eucalyptus_panda_228,eucalyptus_panda
Eucalyptus_paniculata_749,eucalyptus_paniculata
Eucalyptus_parramattensis_subsp_parramattensis_161,eucalyptus_parramattensis_subsp_parramattensis
Eucalyptus_parvula_164,eucalyptus_parvula
Eucalyptus_patellaris_CANB_558538,eucalyptus_patellaris
Eucalyptus_patens_ANBG_55807,eucalyptus_patens
Eucalyptus_pauciflora_subsp_pauciflora_ANBG_9303293,eucalyptus_pauciflora_subsp_pauciflora
Eucalyptus_pellita_ANBG_8413520,eucalyptus_pellita
Eucalyptus_pendens_CANB_794222,eucalyptus_pendens
Eucalyptus_perangusta_51,eucalyptus_perangusta
Eucalyptus_percostata_281,eucalyptus_percostata
Eucalyptus_perriniana_742,eucalyptus_perriniana
Eucalyptus_persistens_subsp_tardecidens_AHT_E2,eucalyptus_persistens_subsp_tardecidens
Eucalyptus_petiolaris_ANBG_8317297,eucalyptus_petiolaris
Eucalyptus_petraea_63,eucalyptus_petraea
Eucalyptus_petrensis_456210,eucalyptus_petrensis
Eucalyptus_phaenophylla_subsp_phaenophylla_CANB_794282,eucalyptus_phaenophylla_subsp_phaenophylla
Eucalyptus_phenax_subsp_phenax_375,eucalyptus_phenax_subsp_phenax
Eucalyptus_phoenicea_MC_10527,eucalyptus_phoenicea
Eucalyptus_pilbarensis_MC_11120,eucalyptus_pilbarensis
Eucalyptus_pileata_17,eucalyptus_pileata
Eucalyptus_pilligaensis_768,eucalyptus_pilligaensis
Eucalyptus_pilularis_482,eucalyptus_pilularis
Eucalyptus_pimpiniana_462,eucalyptus_pimpiniana
Eucalyptus_piperita_subsp_piperita_ANBG_8411654,eucalyptus_piperita_subsp_piperita
Eucalyptus_placita_AHT_E25,eucalyptus_placita
Eucalyptus_planchoniana_236,eucalyptus_planchoniana
Eucalyptus_platycorys_subsp_platycorys_54,eucalyptus_platycorys_subsp_platycorys
Eucalyptus_platydisca_CANB_638520,eucalyptus_platydisca
Eucalyptus_platyphylla,eucalyptus_platyphylla
Eucalyptus_plauta_35,eucalyptus_plauta
Eucalyptus_pleurocarpa,eucalyptus_pleurocarpa
Eucalyptus_pluricaulis_subsp_pluricaulis_296,eucalyptus_pluricaulis_subsp_pluricaulis
Eucalyptus_polita_22,eucalyptus_polita
Eucalyptus_polyanthemos_subsp_polyanthemos_659,eucalyptus_polyanthemos_subsp_polyanthemos
Eucalyptus_polybractea_760,eucalyptus_polybractea
Eucalyptus_populnea_MC_10633,eucalyptus_populnea
Eucalyptus_porosa_MC_10664,eucalyptus_porosa
Eucalyptus_praetermissa_CANB_610680,eucalyptus_praetermissa
Eucalyptus_prava_220,eucalyptus_prava
Eucalyptus_preissiana_subsp_preissiana_422,eucalyptus_preissiana_subsp_preissiana
Eucalyptus_prolixa_CANB_536396,eucalyptus_prolixa
Eucalyptus_prominens_373,eucalyptus_prominens
Eucalyptus_propinqua_696,eucalyptus_propinqua
Eucalyptus_protensa_14,eucalyptus_protensa
Eucalyptus_proxima_432,eucalyptus_proxima
Eucalyptus_pruiniramis_MC_11189,eucalyptus_pruiniramis
Eucalyptus_pruinosa_subsp_pruinosa_Mt_Annan_841760,eucalyptus_pruinosa_subsp_pruinosa
Eucalyptus_pterocarpa_8,eucalyptus_pterocarpa
Eucalyptus_pulchella_612,eucalyptus_pulchella
Eucalyptus_pulverulenta_684,eucalyptus_pulverulenta
Eucalyptus_pumila_227,eucalyptus_pumila
Eucalyptus_purpurata_83,eucalyptus_purpurata
Eucalyptus_pyriformis_268,eucalyptus_pyriformis
Eucalyptus_pyrocarpa_630205,eucalyptus_pyrocarpa
Eucalyptus_quadrangulata_234,eucalyptus_quadrangulata
Eucalyptus_quadrans_384,eucalyptus_quadrans
Eucalyptus_quadricostata_8603516,eucalyptus_quadricostata
Eucalyptus_quaerenda_CANB_794294,eucalyptus_quaerenda
Eucalyptus_quinniorum_9707932,eucalyptus_quinniorum
Eucalyptus_racemosa_732766,eucalyptus_racemosa
Eucalyptus_radiata_subsp_radiata_732,eucalyptus_radiata_subsp_radiata
Eucalyptus_ralla_250,eucalyptus_ralla
Eucalyptus_rameliana_648,eucalyptus_rameliana
Eucalyptus_raveretiana_685,eucalyptus_raveretiana
Eucalyptus_ravida_458,eucalyptus_ravida
Eucalyptus_recta_751,eucalyptus_recta
Eucalyptus_recurva_ANBG,eucalyptus_recurva
Eucalyptus_redunca_507,eucalyptus_redunca
Eucalyptus_regnans_ANBG_8501815,eucalyptus_regnans
Eucalyptus_remota_ANBG_9807783,eucalyptus_remota
Eucalyptus_resinifera_subsp_resinifera_750,eucalyptus_resinifera_subsp_resinifera
Eucalyptus_retinens_259,eucalyptus_retinens
Eucalyptus_retusa_726,eucalyptus_retusa
Eucalyptus_rhodantha_374,eucalyptus_rhodantha
Eucalyptus_rhombica_596,eucalyptus_rhombica
Eucalyptus_rhomboidea_476,eucalyptus_rhomboidea
Eucalyptus_rigens_76,eucalyptus_rigens
Eucalyptus_rigidula_201,eucalyptus_rigidula
Eucalyptus_risdonii_620,eucalyptus_risdonii
Eucalyptus_rodwayi_62705,eucalyptus_rodwayi
Eucalyptus_rosacea_645,eucalyptus_rosacea
Eucalyptus_roycei_328,eucalyptus_roycei
Eucalyptus_rubida_subsp_rubida_ANBG_732895,eucalyptus_rubida_subsp_rubida
Eucalyptus_rubiginosa_654,eucalyptus_rubiginosa
Eucalyptus_rudderi_614,eucalyptus_rudderi
Eucalyptus_rudis_351,eucalyptus_rudis
Eucalyptus_rugosa_61,eucalyptus_rugosa
Eucalyptus_rugulata_42,eucalyptus_rugulata
Eucalyptus_rummeryi_735,eucalyptus_rummeryi
Eucalyptus_salicola_32,eucalyptus_salicola
Eucalyptus_saligna_737,eucalyptus_saligna
Eucalyptus_salmonophloia_CANB_564460,eucalyptus_salmonophloia
Eucalyptus_salubris_589,eucalyptus_salubris
Eucalyptus_sargentii_subsp_sargentii_524,eucalyptus_sargentii_subsp_sargentii
Eucalyptus_saxatilis_7906246,eucalyptus_saxatilis
Eucalyptus_scias_subsp_scias_745,eucalyptus_scias_subsp_scias
Eucalyptus_scoparia_ANBG_501278,eucalyptus_scoparia
Eucalyptus_scopulorum_670,eucalyptus_scopulorum
Eucalyptus_scyphocalyx_AHT_E7,eucalyptus_scyphocalyx
Eucalyptus_seeana_630,eucalyptus_seeana
Eucalyptus_semota_530,eucalyptus_semota
Eucalyptus_sepulcralis_CANB_378343,eucalyptus_sepulcralis
Eucalyptus_serraensis_MC_10646,eucalyptus_serraensis
Eucalyptus_sessilis_549,eucalyptus_sessilis
Eucalyptus_sicilifolia_8603421,eucalyptus_sicilifolia
Eucalyptus_siderophloia_ANBG_7906137,eucalyptus_siderophloia
Eucalyptus_sideroxylon_750609,eucalyptus_sideroxylon
Eucalyptus_sieberi_ANBG_8411661,eucalyptus_sieberi
Eucalyptus_similis,eucalyptus_similis
Eucalyptus_singularis_AHT_E15,eucalyptus_singularis
Eucalyptus_smithii_217,eucalyptus_smithii
Eucalyptus_socialis_subsp_socialis_276,eucalyptus_socialis_subsp_socialis
Eucalyptus_sparsa_AHT_E24,eucalyptus_sparsa
Eucalyptus_sparsifolia_216,eucalyptus_sparsifolia
Eucalyptus_spathulata_subsp_spathulata_368,eucalyptus_spathulata_subsp_spathulata
Eucalyptus_sphaerocarpa_606,eucalyptus_sphaerocarpa
Eucalyptus_splendens_subsp_splendens_303,eucalyptus_splendens_subsp_splendens
Eucalyptus_spreta_40,eucalyptus_spreta
Eucalyptus_squamosa_629,eucalyptus_squamosa
Eucalyptus_staeri_366,eucalyptus_staeri
Eucalyptus_steedmanii_585,eucalyptus_steedmanii
Eucalyptus_stellulata_9102880,eucalyptus_stellulata
Eucalyptus_stenostoma_733,eucalyptus_stenostoma
Eucalyptus_stoatei_191,eucalyptus_stoatei
Eucalyptus_stowardii_CANB_790458,eucalyptus_stowardii
Eucalyptus_stricklandii_18,eucalyptus_stricklandii
Eucalyptus_stricta_309,eucalyptus_stricta
Eucalyptus_strzeleckii_subsp_strzeleckii_162,eucalyptus_strzeleckii_subsp_strzeleckii
Eucalyptus_sturgissiana_376,eucalyptus_sturgissiana
Eucalyptus_subangusta_subsp_subangusta_24,eucalyptus_subangusta_subsp_subangusta
Eucalyptus_subcrenulata_9702884,eucalyptus_subcrenulata
Eucalyptus_suberea_MC_10904A,eucalyptus_suberea
Eucalyptus_subtilis_57,eucalyptus_subtilis
Eucalyptus_suggrandis_subsp_suggrandis_82,eucalyptus_suggrandis_subsp_suggrandis
Eucalyptus_surgens_190,eucalyptus_surgens
Eucalyptus_synandra_CANB_794049,eucalyptus_synandra
Eucalyptus_talyuberlup_724,eucalyptus_talyuberlup
Eucalyptus_tectifica_CANB_785474,eucalyptus_tectifica
Eucalyptus_tenella_763,eucalyptus_tenella
Eucalyptus_tenera_440,eucalyptus_tenera
Eucalyptus_tenuipes,eucalyptus_tenuipes
Eucalyptus_tenuiramis_CANB_692639,eucalyptus_tenuiramis
Eucalyptus_tenuis_584,eucalyptus_tenuis
Eucalyptus_tephrodes_385,eucalyptus_tephrodes
Eucalyptus_terebra_31,eucalyptus_terebra
Eucalyptus_tereticornis_subsp_tereticornis_769,eucalyptus_tereticornis_subsp_tereticornis
Eucalyptus_tetrapleura_746,eucalyptus_tetrapleura
Eucalyptus_tetraptera_AHT_E1,eucalyptus_tetraptera
Eucalyptus_tetrodonta_MC_10512,eucalyptus_tetrodonta
Eucalyptus_thamnoides_86,eucalyptus_thamnoides
Eucalyptus_tholiformis_AHT_E13,eucalyptus_tholiformis
Eucalyptus_thozetiana_MC_10632,eucalyptus_thozetiana
Eucalyptus_tindaliae_ANBG_69620,eucalyptus_tindaliae
Eucalyptus_tintinnans_CANB_557752,eucalyptus_tintinnans
Eucalyptus_todtiana_CANB_530801,eucalyptus_todtiana
Eucalyptus_torquata_MC_10738,eucalyptus_torquata
Eucalyptus_tortilis_588,eucalyptus_tortilis
Eucalyptus_transcontinentalis_188,eucalyptus_transcontinentalis
Eucalyptus_tricarpa_8701791,eucalyptus_tricarpa
Eucalyptus_triflora_ANBG_763500,eucalyptus_triflora
Eucalyptus_trivalvis_AHT_E5,eucalyptus_trivalvis
Eucalyptus_tumida_CANB_794343,eucalyptus_tumida
Eucalyptus_ultima_697,eucalyptus_ultima
Eucalyptus_umbra_ANBG_60074,eucalyptus_umbra
Eucalyptus_uncinata_subsp_uncinata_91,eucalyptus_uncinata_subsp_uncinata
Eucalyptus_urna_270,eucalyptus_urna
Eucalyptus_urophylla_CANB_180346,eucalyptus_urophylla
Eucalyptus_utilis_62,eucalyptus_utilis
Eucalyptus_valens_478,eucalyptus_valens
Eucalyptus_vegrandis_subsp_vegrandis_435,eucalyptus_vegrandis_subsp_vegrandis
Eucalyptus_vernicosa_ANBG_no_sn,eucalyptus_vernicosa
Eucalyptus_verrucata_715,eucalyptus_verrucata
Eucalyptus_vesiculosa_87,eucalyptus_vesiculosa
Eucalyptus_vicina,eucalyptus_vicina
Eucalyptus_victoriana_712,eucalyptus_victoriana
Eucalyptus_victrix_327,eucalyptus_victrix
Eucalyptus_viminalis_subsp_viminalis_615,eucalyptus_viminalis_subsp_viminalis
Eucalyptus_virens_598,eucalyptus_virens
Eucalyptus_viridis_767,eucalyptus_viridis
Eucalyptus_vittata_43,eucalyptus_vittata
Eucalyptus_vokesensis_453,eucalyptus_vokesensis
Eucalyptus_wandoo_subsp_wandoo_21,eucalyptus_wandoo_subsp_wandoo
Eucalyptus_websteriana_subsp_websteriana_AHT_E3,eucalyptus_websteriana_subsp_websteriana
Eucalyptus_wetarensis,eucalyptus_wetarensis
Eucalyptus_whitei_513,eucalyptus_whitei
Eucalyptus_wilcoxii_168,eucalyptus_wilcoxii
Eucalyptus_williamsiana_261,eucalyptus_williamsiana
Eucalyptus_willisii_subsp_willisii_CANB_468525,eucalyptus_willisii_subsp_willisii
Eucalyptus_woodwardii_MC_10742,eucalyptus_woodwardii
Eucalyptus_wubinensis_50,eucalyptus_wubinensis
Eucalyptus_wyolensis_699,eucalyptus_wyolensis
Eucalyptus_xanthonema_subsp_xanthonema_CANB_794264,eucalyptus_xanthonema_subsp_xanthonema
Eucalyptus_xerothermica_183,eucalyptus_xerothermica
Eucalyptus_yalatensis_460,eucalyptus_yalatensis
Eucalyptus_yangoura_AHT_E16,eucalyptus_yangoura
Eucalyptus_yarraensis_8005851,eucalyptus_yarraensis
Eucalyptus_yilgarnensis_AHT_E14,eucalyptus_yilgarnensis
Eucalyptus_youmanii_73091,eucalyptus_youmanii
Eucalyptus_youngiana_198,eucalyptus_youngiana
Eucalyptus_yumbarrana_262,eucalyptus_yumbarrana
Eucalyptus_zopherophloia_AHT_E12,eucalyptus_zopherophloia
Hypocalymma_linifolium,hypocalymma_linifolium
Kunzea_ericoides,kunzea_ericoides
Lophostemon_suaveolens_CANB_750277,lophostemon_suaveolens
Myrtus_communis,myrtus_communis
Stockwellia_quadrifida,stockwellia_quadrifida
Syncarpia_glomulifera_Jervis_Bay,syncarpia_glomulifera
Syncarpia_hillii_612122,syncarpia_hillii
Syzygium_angophoroides,syzygium_angophoroides
Tepualia_stipularis,tepualia_stipularis
